<?xml version="1.0" encoding="UTF-8"?>
<project-private xmlns="http://www.netbeans.org/ns/project-private/1">
    <editor-bookmarks xmlns="http://www.netbeans.org/ns/editor-bookmarks/2" lastBookmarkId="0"/>
    <open-files xmlns="http://www.netbeans.org/ns/projectui-open-files/2">
        <group>
            <file>file:/C:/temp/javascript/OefeningComposite/src/oefeningcomposite/OefeningComposite.java</file>
            <file>file:/C:/temp/javascript/OefeningComposite/src/domein/Graphic.java</file>
            <file>file:/C:/temp/javascript/OefeningComposite/src/domein/Diagram.java</file>
            <file>file:/C:/temp/javascript/OefeningComposite/src/domein/Line.java</file>
            <file>file:/C:/temp/javascript/OefeningComposite/src/domein/Rectangle.java</file>
            <file>file:/C:/temp/javascript/OefeningComposite/src/domein/Text.java</file>
        </group>
        <group name="workspacenb_OOIII_4">
            <file>file:/C:/usr/workspacenb_OOIII_4/GraphicsCompleted/src/domein/Diagram.java</file>
        </group>
        <group name="2OOIIITest">
            <file>file:/C:/temp/2OOIIITest/Composite/GraphicsCompleted/GraphicsStarter/src/oefeningcomposite/OefeningComposite.java</file>
            <file>file:/C:/temp/2OOIIITest/Composite/GraphicsCompleted/GraphicsStarter/src/domein/Diagram.java</file>
            <file>file:/C:/temp/2OOIIITest/Composite/GraphicsCompleted/GraphicsStarter/src/domein/Rectangle.java</file>
        </group>
    </open-files>
</project-private>
