<?xml version="1.0" encoding="UTF-8"?>
<project-private xmlns="http://www.netbeans.org/ns/project-private/1">
    <editor-bookmarks xmlns="http://www.netbeans.org/ns/editor-bookmarks/2" lastBookmarkId="0"/>
    <open-files xmlns="http://www.netbeans.org/ns/projectui-open-files/2">
        <group name="Java_datastructuren">
            <file>file:/C:/Users/imf838/Documents/Hogeschool/OntwerpenII/DesignPatterns/Factory/ontwerpen_simpleFactory/src/domain/PizzaFactory.java</file>
            <file>file:/C:/Users/imf838/Documents/Hogeschool/OntwerpenII/DesignPatterns/Factory/ontwerpen_simpleFactory/src/PizzaTestDrive.java</file>
        </group>
        <group name="OntwerpenII_DP"/>
    </open-files>
</project-private>
