<?xml version="1.0" encoding="UTF-8"?>
<project-private xmlns="http://www.netbeans.org/ns/project-private/1">
    <editor-bookmarks xmlns="http://www.netbeans.org/ns/editor-bookmarks/2" lastBookmarkId="0"/>
    <open-files xmlns="http://www.netbeans.org/ns/projectui-open-files/2">
        <group name="Test-Ontwerpen">
            <file>file:/C:/temp/Ontwerpen/Template/TemplatePatternOef2Starter/test/DuckTest.java</file>
            <file>file:/C:/temp/Ontwerpen/Template/TemplatePatternOef2Starter/src/domein/Duck.java</file>
        </group>
        <group name="workspacenb_OOIII_4"/>
    </open-files>
</project-private>
