<?xml version="1.0" encoding="UTF-8"?>
<project-private xmlns="http://www.netbeans.org/ns/project-private/1">
    <editor-bookmarks xmlns="http://www.netbeans.org/ns/editor-bookmarks/2" lastBookmarkId="0"/>
    <open-files xmlns="http://www.netbeans.org/ns/projectui-open-files/2">
        <group name="Adapter_Singleton">
            <file>file:/C:/Users/imf838/Documents/Hogeschool/OntwerpenIII/Adapter/Oefeningen/AdapterIterator_Start/src/persistentie/PersistentieBeheerder.java</file>
            <file>file:/C:/Users/imf838/Documents/Hogeschool/OntwerpenIII/Adapter/Oefeningen/AdapterIterator_Start/test/domein/VanIteratorNaarEnumeratorTest.java</file>
            <file>file:/C:/Users/imf838/Documents/Hogeschool/OntwerpenIII/Adapter/Oefeningen/AdapterIterator_Start/src/domein/EnumerationIterator.java</file>
            <file>file:/C:/Users/imf838/Documents/Hogeschool/OntwerpenIII/Adapter/Oefeningen/AdapterIterator_Start/src/domein/IteratorEnumeration.java</file>
            <file>file:/C:/Users/imf838/Documents/Hogeschool/OntwerpenIII/Adapter/Oefeningen/AdapterIterator_Start/src/domein/Class1.java</file>
        </group>
    </open-files>
</project-private>
