<?xml version="1.0" encoding="UTF-8"?>
<project-private xmlns="http://www.netbeans.org/ns/project-private/1">
    <editor-bookmarks xmlns="http://www.netbeans.org/ns/editor-bookmarks/2" lastBookmarkId="0"/>
    <open-files xmlns="http://www.netbeans.org/ns/projectui-open-files/2">
        <group>
            <file>file:/C:/temp/Java/Composite/src/composite/CompositeStartUp.java</file>
            <file>file:/C:/temp/Java/Composite/src/domein/CompositeIterator.java</file>
            <file>file:/C:/temp/Java/Composite/src/domein/MenuComponent.java</file>
            <file>file:/C:/temp/Java/Composite/src/domein/MenuItem.java</file>
            <file>file:/C:/temp/Java/Composite/src/domein/Menu.java</file>
            <file>file:/C:/temp/Java/Composite/src/domein/Waitress.java</file>
            <file>file:/C:/temp/Java/Composite/src/domein/NullIterator.java</file>
        </group>
        <group name="workspacenb_OOIII_4"/>
    </open-files>
</project-private>
