<?xml version="1.0" encoding="UTF-8"?>
<project-private xmlns="http://www.netbeans.org/ns/project-private/1">
    <editor-bookmarks xmlns="http://www.netbeans.org/ns/editor-bookmarks/2" lastBookmarkId="0"/>
    <open-files xmlns="http://www.netbeans.org/ns/projectui-open-files/2">
        <group>
            <file>file:/C:/temp/Java/FactoryMethod/src/domein/Pizza.java</file>
            <file>file:/C:/temp/Java/FactoryMethod/src/domein/PizzaStore.java</file>
            <file>file:/C:/temp/Java/FactoryMethod/src/domein/BinfCheesePizza.java</file>
            <file>file:/C:/temp/Java/FactoryMethod/src/domein/BinfPizzaStore.java</file>
            <file>file:/C:/temp/Java/FactoryMethod/src/domein/BinfClamPizza.java</file>
            <file>file:/C:/temp/Java/FactoryMethod/src/domein/OstendCheesePizza.java</file>
            <file>file:/C:/temp/Java/FactoryMethod/src/domein/OstendClamPizza.java</file>
        </group>
    </open-files>
</project-private>
