<?xml version="1.0" encoding="UTF-8"?>
<project-private xmlns="http://www.netbeans.org/ns/project-private/1">
    <editor-bookmarks xmlns="http://www.netbeans.org/ns/editor-bookmarks/2" lastBookmarkId="0"/>
    <open-files xmlns="http://www.netbeans.org/ns/projectui-open-files/2">
        <group name="Java_datastructuren">
            <file>file:/C:/Users/imf838/Documents/Hogeschool/OntwerpenII/DesignPatterns/Strategy/ontwerpen__inleidingDP_1/test/testen/DuckTest.java</file>
            <file>file:/C:/Users/imf838/Documents/Hogeschool/OntwerpenII/DesignPatterns/Strategy/ontwerpen__inleidingDP_1/src/domein/FlyBehavior.java</file>
            <file>file:/C:/Users/imf838/Documents/Hogeschool/OntwerpenII/DesignPatterns/Strategy/ontwerpen__inleidingDP_1/src/domein/QuackBehavior.java</file>
            <file>file:/C:/Users/imf838/Documents/Hogeschool/OntwerpenII/DesignPatterns/Strategy/ontwerpen__inleidingDP_1/src/domein/FlyRocketPowered.java</file>
            <file>file:/C:/Users/imf838/Documents/Hogeschool/OntwerpenII/DesignPatterns/Strategy/ontwerpen__inleidingDP_1/src/domein/DecoyDuck.java</file>
        </group>
        <group name="OntwerpenII_DP"/>
        <group name="OOII_DP"/>
    </open-files>
</project-private>
