<?xml version="1.0" encoding="UTF-8"?>
<project-private xmlns="http://www.netbeans.org/ns/project-private/1">
    <editor-bookmarks xmlns="http://www.netbeans.org/ns/editor-bookmarks/2" lastBookmarkId="0"/>
    <open-files xmlns="http://www.netbeans.org/ns/projectui-open-files/2">
        <group>
            <file>file:/C:/temp/Ontwerpen/oefeningenFactory/DocumentFactory/src/domein/Application.java</file>
            <file>file:/C:/temp/Ontwerpen/oefeningenFactory/DocumentFactory/src/domein/ApplicationFactory.java</file>
            <file>file:/C:/temp/Ontwerpen/oefeningenFactory/DocumentFactory/src/domein/Document.java</file>
            <file>file:/C:/temp/Ontwerpen/oefeningenFactory/DocumentFactory/test/testen/TestApplication.java</file>
        </group>
        <group name="workspaceOOOIII">
            <file>file:/C:/usr/workspaceOOOIII/DocumentFactoryStarter/test/testen/TestApplication.java</file>
            <file>file:/C:/usr/workspaceOOOIII/DocumentFactoryStarter/src/domein/ApplicationFactory.java</file>
        </group>
    </open-files>
</project-private>
