rt,muziek,gender,geboortejaar,woonplaats,godsdienst,moedertaal,diploma_vader,diploma_moeder,secundair,uren_wiskunde,uren_nederlands,vakken_hernemen,studie_efficientie,inschrijving_ozt,traject,keuze_2ti,leerstoornis,beweging_ud,sport_uw,boeken_m,alcohol_w,frq_cannabis,uur_slaap,slaapkwaliteit,slaappatroon,wakker_worden,score_1,uren_slaap_1,interessant_1,uitgerust_1,gestresseerd_1,onthouden_1,score_2,uren_slaap_2,interessant_2,uitgerust_2,gestresseerd_2,onthouden_2
Ja ,Nee,Man,1997,Stad,atheïst,Nederlands,Hoger secundair,Hoger secundair,TSO,4,4,Ja,75-100%,3,aangepast,Programmeren,,1,0,0,3,Nooit,8,Slecht,Zeer onregelmatig,Meermaals per nacht,12,6,Eens,Eens,Eens,Eens,,,,,,
Ja ,Ja,Man,1999,Platteland,atheïst,Nederlands,Master of equivalent universiteit,Master of equivalent universiteit,TSO,6,4,Nee,75-100%,1,model,Programmeren,,3,10,0,5,Maandelijks,8,Goed,Regelmatig,Af en toe,9,5,Oneens,Helemaal oneens,Oneens,"Noch eens, noch oneens",3,8,Oneens,Helemaal eens,Oneens,Oneens
Ja ,Nee,Man,1997,Stad,agnost,Nederlands,Master of equivalent universiteit,Hoger secundair,TSO,5,3,Ja,50-74%,3,aangepast,Programmeren,,2,0,0,4,Nooit,7,Goed,Regelmatig,Zelden,6,3,Eens,Oneens,Oneens,Eens,4,7,"Noch eens, noch oneens","Noch eens, noch oneens","Noch eens, noch oneens","Noch eens, noch oneens"
Nee,Nee,Man,1998,Stad,atheïst,Nederlands,Master of equivalent universiteit,Master of equivalent universiteit,ASO,6,3,Nee,75-100%,1,model,Systeembeheer,,1,0,0,40,Nooit,4,"Noch slecht, noch goed",Zeer onregelmatig,Zelden,,,,,,,,,,,,
Ja ,Nee,Man,1995,Dorp,christen,Nederlands,Hoger secundair,Hoger secundair,TSO,4,2,Nee,50-74%,1,aangepast,Programmeren,,1,0,1,15,Nooit,9,Zeer goed,Regelmatig,Nooit,11,9,"Noch eens, noch oneens",Eens,Eens,Eens,,,,,,
Ja ,Ja,Man,1995,Stad,atheïst,Nederlands,Master of equivalent universiteit,Hoger secundair,ASO,6,5,Ja,75-100%,2,aangepast,Programmeren,,1,9,5,36,Maandelijks,7,Goed,"Noch onregelmatig, noch regelmatig",Zelden,10,5,Eens,Eens,Helemaal oneens,Eens,,,,,,
Nee,Ja,Man,1997,Platteland,christen,Nederlands,Hoger secundair,Hoger secundair,ASO,7,4,Ja,75-100%,1,aangepast,Programmeren,Dyslexie;,1,7,0,5,Zelden,7,Goed,"Noch onregelmatig, noch regelmatig",Zelden,,,,,,,,,,,,
Nee,Nee,Man,1997,Stad,christen,Nederlands,Hoger secundair,Hoger secundair,TSO,4,4,Ja,75-100%,1,aangepast,Systeembeheer,,2,0,1,15,Maandelijks,6,Zeer goed,Onregelmatig,Zelden,7,5,Eens,Oneens,Oneens,Eens,,,,,,
Ja ,Ja,Man,1998,Anders,christen,Nederlands,Hoger secundair,Hoger secundair,ASO,3,5,Ja,50-74%,1,aangepast,Systeembeheer,,2,2,0,5,Nooit,6,Zeer slecht,Zeer onregelmatig,Meestal,20,6,Eens,Helemaal oneens,"Noch eens, noch oneens",Eens,10,6,Eens,Helemaal eens,Helemaal oneens,Eens
Nee,Nee,Man,1998,Stad,atheïst,Nederlands,Bachelor of equivalent,Hoger secundair,TSO,3,3,Ja,50-74%,2,aangepast,Programmeren,Depressie;,1,1,0,0,Nooit,7,"Noch slecht, noch goed","Noch onregelmatig, noch regelmatig",Nooit,7,7,Eens,Oneens,Oneens,Eens,,,,,,
Nee,Nee,Man,1999,Platteland,christen,Nederlands,Bachelor of equivalent,Hoger secundair,ASO,4,5,Nee,75-100%,1,model,Systeembeheer,,1,0,0,2,Nooit,7,Goed,Regelmatig,Zelden,9,7,"Noch eens, noch oneens","Noch eens, noch oneens",Oneens,"Noch eens, noch oneens",7,7,Eens,Eens,Oneens,Eens
Nee,Ja,Man,1999,Platteland,atheïst,Nederlands,Master of equivalent universiteit,Hoger secundair,TSO,4,4,Nee,75-100%,1,model,Programmeren,AD(H)D;,3,0,0,10,Enkele keren per week,6,"Noch slecht, noch goed",Zeer onregelmatig,Nooit,11,4.5,Eens,Oneens,Oneens,Eens,,,,,,
Ja ,Ja,Man,1998,Stad,atheïst,Nederlands,Bachelor of equivalent,Hoger secundair,ASO,6,4,Ja,50-74%,2,aangepast,Systeembeheer,,1,5,1,16,Zelden,5,"Noch slecht, noch goed",Onregelmatig,Zelden,10,9,"Noch eens, noch oneens",Eens,Oneens,Eens,10,5,"Noch eens, noch oneens",Oneens,Helemaal eens,Helemaal oneens
Ja ,Ja,Man,1997,Platteland,christen,Nederlands,Doctoraat,Hoger secundair,TSO,3,2,Ja,50-74%,1,aangepast,Programmeren,,1,2,0,0,Nooit,5,"Noch slecht, noch goed","Noch onregelmatig, noch regelmatig",Zelden,3,7,"Noch eens, noch oneens","Noch eens, noch oneens","Noch eens, noch oneens","Noch eens, noch oneens",4,7,"Noch eens, noch oneens","Noch eens, noch oneens","Noch eens, noch oneens","Noch eens, noch oneens"
Nee,Nee,Man,1998,Platteland,christen,Nederlands,Bachelor of equivalent,Bachelor of equivalent,ASO,7,4,Nee,75-100%,1,model,Programmeren,,1,0,0,2,Nooit,7,Goed,Onregelmatig,Zelden,,,,,,,2,8,"Noch eens, noch oneens","Noch eens, noch oneens","Noch eens, noch oneens","Noch eens, noch oneens"
Ja ,Nee,Man,1997,Stad,christen,Frans,Master of equivalent universiteit,Hoger secundair,ASO,6,4,Ja,50-74%,1,aangepast,Programmeren,,1,6,0.5,5,Nooit,9,Goed,Zeer regelmatig,Zelden,13,8.5,Eens,Eens,"Noch eens, noch oneens",Eens,10,8,Eens,Helemaal oneens,Eens,Oneens
Nee,Nee,Man,1996,Platteland,atheïst,Nederlands,Hoger secundair,Hoger secundair,ASO,6,4,Ja,75-100%,2,aangepast,Programmeren,Nachtmerries;,3,5,1,6,Zelden,7,"Noch slecht, noch goed","Noch onregelmatig, noch regelmatig",Zelden,20,8,Oneens,Eens,Helemaal oneens,Oneens,11,5,Eens,"Noch eens, noch oneens","Noch eens, noch oneens","Noch eens, noch oneens"
Ja ,Ja,Man,1998,Stad,atheïst,Nederlands,Bachelor of equivalent,Hoger secundair,ASO,4,5,Ja,50-74%,1,aangepast,Systeembeheer,Tinitus (oorsuizingen);,2,0,0,4,Nooit,5,"Noch slecht, noch goed",Zeer onregelmatig,Meestal,15,7,"Noch eens, noch oneens","Noch eens, noch oneens","Noch eens, noch oneens","Noch eens, noch oneens",5,4,Eens,"Noch eens, noch oneens",Oneens,Oneens
Ja ,Nee,Man,1997,Platteland,atheïst,Nederlands,Bachelor of equivalent,Bachelor of equivalent,ASO,3,4,Nee,75-100%,1,model,Programmeren,Dyslexie;,1.5,1,0,0,Nooit,7,"Noch slecht, noch goed",Onregelmatig,Zelden,10,5,"Noch eens, noch oneens",Oneens,"Noch eens, noch oneens",Eens,9,7,"Noch eens, noch oneens",Helemaal eens,Helemaal eens,Helemaal eens
Ja ,Nee,Man,1997,Platteland,atheïst,Nederlands,Bachelor of equivalent,Hoger secundair,TSO,6,4,Ja,75-100%,3,aangepast,Programmeren,,1.3,6,0,6,Nooit,5,Zeer goed,Onregelmatig,Nooit,10,6,Eens,"Noch eens, noch oneens",Helemaal oneens,Eens,8,8,Helemaal eens,"Noch eens, noch oneens",Eens,Helemaal oneens
Nee,Nee,Man,1994,Stad,agnost,Nederlands,Master of equivalent universiteit,Bachelor of equivalent,ASO,8,5,Nee,75-100%,1,aangepast,Programmeren,Paniekaanvallen;,1,1,1,7,Zelden,7,"Noch slecht, noch goed",Onregelmatig,Af en toe,11,7,Oneens,"Noch eens, noch oneens","Noch eens, noch oneens",Helemaal eens,14,3,Eens,Helemaal oneens,"Noch eens, noch oneens",Helemaal eens
Nee,Nee,Man,1998,Stad,christen,Nederlands,Bachelor of equivalent,Bachelor of equivalent,TSO,4,4,Ja,50-74%,1,aangepast,Programmeren,Tinitus (oorsuizingen);Nachtmerries;,2,4,1,4,Zelden,6,"Noch slecht, noch goed",Onregelmatig,Af en toe,11,6,Eens,Oneens,Eens,Eens,7,7,"Noch eens, noch oneens","Noch eens, noch oneens",Oneens,"Noch eens, noch oneens"
Nee,Ja,Man,1995,Platteland,atheïst,Nederlands,Doctoraat,Bachelor of equivalent,ASO,6,5,Ja,75-100%,1,aangepast,Programmeren,Dyslexie;,0.5,2,1,1,Nooit,8,Zeer goed,Zeer regelmatig,Af en toe,11,8,Helemaal eens,Helemaal eens,"Noch eens, noch oneens",Oneens,3,8,Helemaal eens,Oneens,,
Ja ,Ja,Man,1998,Dorp,agnost,Nederlands,Hoger secundair,Lager secundair,TSO,4,4,Nee,75-100%,1,model,Programmeren,,2,3,5,1,Nooit,7,"Noch slecht, noch goed",Regelmatig,Af en toe,7,7,"Noch eens, noch oneens","Noch eens, noch oneens","Noch eens, noch oneens","Noch eens, noch oneens",5,7,"Noch eens, noch oneens","Noch eens, noch oneens","Noch eens, noch oneens","Noch eens, noch oneens"
Nee,Ja,Man,1996,Platteland,christen,Nederlands,Bachelor of equivalent,Bachelor of equivalent,TSO,3,2,Ja,25-49%,2,aangepast,Programmeren,Dyslexie;,0.5,1,0,1,Nooit,7.5,"Noch slecht, noch goed",Onregelmatig,Zelden,,,,,,,,,,,,
Ja ,Ja,,1998,Platteland,christen,Nederlands,Hoger secundair,Hoger secundair,TSO,8,3,Nee,75-100%,1,model,Programmeren,Nachtmerries;,2,55,0.2,3,Nooit,65,Slecht,Onregelmatig,Af en toe,7,6,Eens,Oneens,Oneens,"Noch eens, noch oneens",6,6,Eens,Eens,Oneens,"Noch eens, noch oneens"
Nee,Ja,Man,1999,Dorp,christen,Nederlands,Lager secundair,Hoger secundair,ASO,4,5,Ja,75-100%,1,model,Systeembeheer,,2,0,0,4,Nooit,7.5,"Noch slecht, noch goed",Regelmatig,Af en toe,,,,,,,,,,,,
Ja ,Ja,Vrouw,1997,Stad,atheïst,Nederlands,Hoger secundair,Bachelor of equivalent,ASO,8,5,Ja,25-49%,2,aangepast,Programmeren,AD(H)D;Dyslexie;Nachtmerries;Depressie;,2,3,0,10,Zelden,8,"Noch slecht, noch goed",Regelmatig,Af en toe,17,5,Eens,"Noch eens, noch oneens",Eens,Eens,14,8,Oneens,Oneens,Eens,Helemaal eens
Nee,Nee,Man,1997,Stad,atheïst,Nederlands,Bachelor of equivalent,Bachelor of equivalent,ASO,5,4,Ja,75-100%,2,aangepast,Programmeren,Autismespectrumstoornis;,1,0,2,0,Nooit,7,"Noch slecht, noch goed",Onregelmatig,Af en toe,12,7,Oneens,"Noch eens, noch oneens","Noch eens, noch oneens",Eens,7,10,Oneens,Oneens,Eens,"Noch eens, noch oneens"
Nee,Nee,Man,1992,Dorp,atheïst,Anders,Hoger secundair,Hoger secundair,ASO,4,5,Ja,50-74%,3,aangepast,Programmeren,Geen;,2,0,0,2,Nooit,7,"Noch slecht, noch goed",Regelmatig,Af en toe,10,8,Eens,Eens,Oneens,Eens,,,,,,
Nee,Nee,Man,1999,Stad,atheïst,Nederlands,Master of equivalent universiteit,Bachelor of equivalent,ASO,4,4,Nee,75-100%,1,model,Programmeren,,1,2,10,0,Nooit,7,"Noch slecht, noch goed",Zeer onregelmatig,Zelden,10,7.75,Eens,Eens,Oneens,Eens,,,,,,
Nee,Ja,Man,1998,Platteland,atheïst,Nederlands,Bachelor of equivalent,Bachelor of equivalent,ASO,6,5,Ja,75-100%,1,aangepast,Systeembeheer,,1,1.5,0,1,Nooit,8.5,Zeer goed,Zeer regelmatig,Meestal,18,7.3,Eens,Eens,"Noch eens, noch oneens",Helemaal eens,16,8,Eens,Eens,Oneens,Eens
Ja ,Ja,Man,1997,Stad,agnost,Nederlands,Bachelor of equivalent,Bachelor of equivalent,ASO,7,5,Ja,50-74%,2,aangepast,Programmeren,Niet benoemde leerstoornis;,2,0,0,1,Nooit,6,"Noch slecht, noch goed",Onregelmatig,Zelden,,,,,,,10,6,Oneens,Eens,"Noch eens, noch oneens","Noch eens, noch oneens"
Nee,Ja,Man,1999,Platteland,atheïst,Nederlands,Master of equivalent universiteit,Master of equivalent universiteit,ASO,7,4,Nee,50-74%,1,model,Programmeren,,2.5,6,0,1,Nooit,6,Goed,"Noch onregelmatig, noch regelmatig",Zelden,15,6,Eens,"Noch eens, noch oneens","Noch eens, noch oneens",Eens,9,9,Eens,Helemaal eens,"Noch eens, noch oneens",Eens
Nee,Ja,Man,1996,Platteland,agnost,Nederlands,Lager secundair,Bachelor of equivalent,TSO,5,4,Ja,75-100%,3,aangepast,Programmeren,NLD;,1,1,2,0,Nooit,4,Slecht,Onregelmatig,Zelden,,,,,,,,,,,,
Nee,Nee,Man,1998,Platteland,agnost,Nederlands,Hoger secundair,Bachelor of equivalent,ASO,6,4,Ja,50-74%,1,aangepast,Programmeren,,2,0,2,1,Nooit,7,Goed,Regelmatig,Zelden,8,6,Eens,Oneens,Eens,Eens,6,7,"Noch eens, noch oneens","Noch eens, noch oneens","Noch eens, noch oneens","Noch eens, noch oneens"
Ja ,Nee,Man,1997,Stad,atheïst,Nederlands,Hoger secundair,Doctoraat,ASO,4,5,Nee,75-100%,1,aangepast,Systeembeheer,Nee;,6,8,2,10,Maandelijks,7,Goed,Zeer onregelmatig,Nooit,12,7,"Noch eens, noch oneens","Noch eens, noch oneens","Noch eens, noch oneens","Noch eens, noch oneens",,,,,,
Ja ,Ja,Man,1997,Stad,atheïst,Nederlands,Bachelor of equivalent,Master of equivalent universiteit,ASO,6,3,Ja,50-74%,2,aangepast,Systeembeheer,,1,0,0,3,Nooit,5,Slecht,Zeer onregelmatig,Nooit,8,3,Eens,Helemaal oneens,Helemaal oneens,Eens,8,3,Eens,Eens,Helemaal oneens,Eens
Nee,Nee,Man,1996,Stad,atheïst,Nederlands,Geen,Geen,ASO,4,5,Ja,75-100%,2,aangepast,Programmeren,Bipolaire stoornis;AD(H)D;Paniekaanvallen;Depressie;,2,0,3,24,Enkele keren per maand,6,Slecht,Zeer onregelmatig,Nooit,,,,,,,,,,,,
Nee,Nee,Man,1999,Platteland,atheïst,Nederlands,Bachelor of equivalent,Master of equivalent universiteit,ASO,3,4,Nee,75-100%,1,model,Systeembeheer,AD(H)D;,1.5,2,0,2,Dagelijks,6.5,Zeer goed,Regelmatig,Nooit,11,6.5,Oneens,Eens,Oneens,"Noch eens, noch oneens",13,5.75,Oneens,"Noch eens, noch oneens","Noch eens, noch oneens","Noch eens, noch oneens"
Nee,Ja,Man,,Platteland,agnost,Nederlands,Master of equivalent universiteit,Master of equivalent universiteit,ASO,8,4,Nee,75-100%,1,model,Programmeren,,1,5,0,0,Nooit,5,Goed,Regelmatig,Nooit,19,7,Helemaal eens,Helemaal eens,Helemaal oneens,Helemaal eens,,9,Helemaal eens,Eens,Helemaal oneens,Oneens
Nee,Nee,Man,1997,Stad,atheïst,Nederlands,Master of equivalent universiteit,Bachelor of equivalent,ASO,5,4,Ja,50-74%,2,aangepast,Systeembeheer,,1,4,1,0.5,Zelden,7.5,"Noch slecht, noch goed",Regelmatig,Meestal,11,8,Eens,"Noch eens, noch oneens",Oneens,Eens,6,,Eens,"Noch eens, noch oneens",Helemaal oneens,"Noch eens, noch oneens"
Ja ,Ja,Man,1997,Stad,christen,Nederlands,Bachelor of equivalent,Bachelor of equivalent,ASO,6,4,Nee,75-100%,1,model,Systeembeheer,,3,3,0,12,Nooit,8,Goed,"Noch onregelmatig, noch regelmatig",Af en toe,17,8,Eens,Eens,Eens,Eens,15,10,Eens,Eens,Oneens,"Noch eens, noch oneens"
Ja ,Ja,Man,1998,Platteland,christen,Nederlands,Lagere school,Bachelor of equivalent,TSO,8,3,Nee,75-100%,1,model,Programmeren,,2,3,2,15,Nooit,7,Goed,Regelmatig,Nooit,7,7,Eens,Eens,Helemaal oneens,"Noch eens, noch oneens",6,8,"Noch eens, noch oneens","Noch eens, noch oneens","Noch eens, noch oneens","Noch eens, noch oneens"
Nee,Nee,Man,1998,Platteland,christen,Nederlands,Hoger secundair,Master of equivalent universiteit,ASO,4,4,Ja,75-100%,1,model,Systeembeheer,,1,0,1,10,Nooit,7,Slecht,Onregelmatig,Af en toe,7,7,Eens,"Noch eens, noch oneens","Noch eens, noch oneens",Helemaal eens,7,6,"Noch eens, noch oneens",Eens,"Noch eens, noch oneens",Helemaal oneens
Nee,Ja,Man,1998,Stad,christen,Nederlands,Master of equivalent universiteit,Master of equivalent universiteit,ASO,6,4,Nee,75-100%,1,model,Programmeren,,1,0,0,65,Nooit,5,Zeer goed,Zeer onregelmatig,Nooit,,,,,,,8,5,Eens,Eens,Oneens,"Noch eens, noch oneens"
Ja ,Ja,Vrouw,1999,Platteland,christen,Nederlands,Hoger secundair,Lager secundair,TSO,6,4,Nee,75-100%,1,model,Systeembeheer,,1,0,0,0,Nooit,7,Slecht,Regelmatig,Af en toe,11,6.1,Eens,Oneens,Oneens,Eens,10,7.33,Eens,"Noch eens, noch oneens","Noch eens, noch oneens","Noch eens, noch oneens"
Ja ,Nee,Man,1998,Stad,christen,Nederlands,Bachelor of equivalent,Bachelor of equivalent,TSO,4,3,Nee,75-100%,1,model,Programmeren,Dyslexie;,1.5,2,0,15,Nooit,6.5,"Noch slecht, noch goed",Onregelmatig,Zelden,7,7,Eens,Eens,"Noch eens, noch oneens","Noch eens, noch oneens",7,6,Eens,Oneens,Oneens,"Noch eens, noch oneens"
Ja ,Ja,Man,1999,Platteland,atheïst,Nederlands,Hoger secundair,Bachelor of equivalent,TSO,4,4,Ja,75-100%,1,aangepast,Programmeren,Gehoorverlies;,1,0,0,3,Nooit,5,Slecht,Regelmatig,Meestal,10,4,"Noch eens, noch oneens","Noch eens, noch oneens",Helemaal oneens,Eens,12,6,"Noch eens, noch oneens","Noch eens, noch oneens",Helemaal oneens,Eens
Ja ,Ja,Man,1999,Platteland,anders,Nederlands,Bachelor of equivalent,Lager secundair,TSO,4,3,Nee,75-100%,1,model,Programmeren,,2.5,8,0,7,Nooit,7.5,Goed,Regelmatig,Nooit,,,,,,,9,7,Eens,Eens,"Noch eens, noch oneens",Eens
Nee,Ja,Man,2000,Anders,christen,Nederlands,Master of equivalent universiteit,Master of equivalent universiteit,ASO,6,4,Nee,75-100%,1,model,Systeembeheer,hyperacusis;Nachtmerries;,1.5,1,1,5,Nooit,6,Zeer slecht,Zeer onregelmatig,Meermaals per nacht,13,6,Eens,Oneens,"Noch eens, noch oneens","Noch eens, noch oneens",11,6,"Noch eens, noch oneens",,Helemaal oneens,Helemaal eens
Nee,Nee,Man,1999,Anders,,Nederlands,Bachelor of equivalent,Bachelor of equivalent,ASO,4,5,Nee,75-100%,1,model,Programmeren,anxiety;AD(H)D;Paniekaanvallen;,45,3,1,0,Nooit,7,Slecht,Onregelmatig,Af en toe,16,6,"Noch eens, noch oneens",Eens,"Noch eens, noch oneens",Eens,11,5.5,"Noch eens, noch oneens","Noch eens, noch oneens","Noch eens, noch oneens","Noch eens, noch oneens"
Ja ,Ja,Man,1998,Stad,christen,Nederlands,Bachelor of equivalent,Bachelor of equivalent,ASO,8,4,Ja,75-100%,1,model,Programmeren,,1,3,0,3,Nooit,7,Goed,Onregelmatig,Nooit,,,,,,,,,,,,
Nee,Ja,Man,1995,Stad,atheïst,Nederlands,Doctoraat,Doctoraat,ASO,5,2,Ja,50-74%,2,aangepast,Systeembeheer,Dyslexie;,3,3,0,20,Nooit,6,Zeer slecht,Onregelmatig,Meestal,,,,,,,11,7,Eens,"Noch eens, noch oneens",Oneens,"Noch eens, noch oneens"
Nee,Nee,Man,1999,Platteland,christen,Nederlands,Hoger secundair,Hoger secundair,TSO,4,3,Ja,50-74%,1,aangepast,Programmeren,ass;AD(H)D;Dyslexie;,2,0,0,4,Nooit,6,"Noch slecht, noch goed",Zeer onregelmatig,Zelden,5,6,"Noch eens, noch oneens",Eens,"Noch eens, noch oneens","Noch eens, noch oneens",5,7,"Noch eens, noch oneens","Noch eens, noch oneens","Noch eens, noch oneens","Noch eens, noch oneens"
Ja ,Ja,Man,1998,Stad,atheïst,Nederlands,Master of equivalent universiteit,Master of equivalent universiteit,TSO,3,3,Nee,75-100%,1,model,Programmeren,,1,2,0,50,Zelden,8,Goed,Regelmatig,Zelden,,,,,,,6,8.5,"Noch eens, noch oneens",Helemaal oneens,Helemaal oneens,Eens
Ja ,Ja,Man,1999,Stad,atheïst,Nederlands,Master of equivalent universiteit,Bachelor of equivalent,TSO,5,4,Ja,75-100%,1,aangepast,Programmeren,,1.75,1,0,3,Nooit,8,Zeer goed,"Noch onregelmatig, noch regelmatig",Zelden,5,6,Eens,Eens,Oneens,"Noch eens, noch oneens",7,9,Eens,Eens,Oneens,"Noch eens, noch oneens"
Nee,Ja,Man,1997,Stad,christen,Nederlands,Hoger secundair,Lager secundair,ASO,6,4,Ja,50-74%,2,aangepast,Programmeren,,2,4,0,10,Nooit,6,Goed,Zeer onregelmatig,Nooit,,,,,,,15,8,Eens,Eens,Oneens,Eens
Ja ,Ja,Man,1999,Platteland,atheïst,Nederlands,Weet niet,Weet niet,TSO,5,2,Nee,50-74%,1,model,Programmeren,,1,0,0,0,Nooit,8,Slecht,Onregelmatig,Zelden,4,7,Oneens,Oneens,"Noch eens, noch oneens",Helemaal oneens,2,5,Helemaal oneens,"Noch eens, noch oneens",Oneens,"Noch eens, noch oneens"
Ja ,Nee,Man,1997,Platteland,agnost,Nederlands,Hoger secundair,Hoger secundair,ASO,6,4,Nee,75-100%,1,aangepast,Systeembeheer,Nachtmerries;,2,4.5,0.5,0,Zelden,6.5,Slecht,"Noch onregelmatig, noch regelmatig",Af en toe,13,6,Eens,"Noch eens, noch oneens",Helemaal oneens,Eens,14,7,Eens,Oneens,Oneens,Eens
Ja ,Nee,Man,1997,Stad,christen,Nederlands,Hoger secundair,Bachelor of equivalent,ASO,6,4,Ja,50-74%,1,aangepast,Programmeren,,1,4,0,10,Nooit,8,Zeer goed,Regelmatig,Zelden,,,,,,,2,8,Oneens,"Noch eens, noch oneens",Helemaal oneens,Eens
Nee,Nee,Man,1997,Dorp,atheïst,Nederlands,Bachelor of equivalent,Hoger secundair,ASO,5,4,Nee,75-100%,1,model,Systeembeheer,,2,0,0,0,Nooit,85,Goed,Regelmatig,Af en toe,4,8,"Noch eens, noch oneens",Eens,"Noch eens, noch oneens",Eens,4,7,"Noch eens, noch oneens","Noch eens, noch oneens",Helemaal oneens,"Noch eens, noch oneens"
Ja ,Ja,Man,1997,Platteland,christen,Nederlands,Bachelor of equivalent,Hoger secundair,TSO,8,4,Nee,50-74%,1,aangepast,Systeembeheer,,2,0,0,15,Nooit,7,Goed,Regelmatig,Zelden,13,6,"Noch eens, noch oneens","Noch eens, noch oneens","Noch eens, noch oneens","Noch eens, noch oneens",,,,,,
Ja ,Nee,Man,1999,Stad,christen,Nederlands,Hoger secundair,Bachelor of equivalent,TSO,4,3,Nee,75-100%,1,model,Systeembeheer,,2,0,1,10,Nooit,7,Goed,Regelmatig,Af en toe,15,7,"Noch eens, noch oneens",Eens,Helemaal oneens,Eens,12,5,"Noch eens, noch oneens","Noch eens, noch oneens","Noch eens, noch oneens","Noch eens, noch oneens"
Ja ,Ja,Man,1998,Stad,atheïst,Nederlands,Doctoraat,Master of equivalent universiteit,TSO,5,4,Ja,50-74%,2,aangepast,Programmeren,,1,1,0,0,Nooit,8,Goed,Zeer onregelmatig,Nooit,8,7,"Noch eens, noch oneens","Noch eens, noch oneens","Noch eens, noch oneens","Noch eens, noch oneens",4,7,"Noch eens, noch oneens",Oneens,"Noch eens, noch oneens","Noch eens, noch oneens"
Ja ,Ja,Man,,Stad,christen,Nederlands,Hoger secundair,Lager secundair,ASO,3,4,Ja,75-100%,1,aangepast,Programmeren,,0.5,0,0,3,Zelden,6,Zeer slecht,"Noch onregelmatig, noch regelmatig",Meestal,13,7,"Noch eens, noch oneens","Noch eens, noch oneens","Noch eens, noch oneens","Noch eens, noch oneens",6,5,"Noch eens, noch oneens",Oneens,Oneens,"Noch eens, noch oneens"
Nee,Nee,Man,1994,Stad,atheïst,Nederlands,Lager secundair,Lager secundair,TSO,2,2,Ja,75-100%,1,aangepast,Programmeren,,2,1,0.33,15,Zelden,7.5,"Noch slecht, noch goed",Regelmatig,Af en toe,7,4,Eens,Helemaal oneens,Helemaal oneens,Eens,9,8,Eens,"Noch eens, noch oneens","Noch eens, noch oneens","Noch eens, noch oneens"
Ja ,Nee,Man,1998,Stad,christen,Nederlands,Hoger secundair,Hoger secundair,TSO,2,2,Ja,75-100%,1,aangepast,Programmeren,Paniekaanvallen;,2,0,0,0,Nooit,8,"Noch slecht, noch goed",Zeer onregelmatig,Af en toe,10,7,Eens,"Noch eens, noch oneens",Oneens,Oneens,,,,,,
Nee,Nee,Man,,Dorp,,Nederlands,Master of equivalent universiteit,Bachelor of equivalent,ASO,4,4,Ja,50-74%,1,aangepast,Systeembeheer,,1.5,7,0,0.1,Nooit,7,Goed,Onregelmatig,Zelden,9,6,"Noch eens, noch oneens",Oneens,Oneens,"Noch eens, noch oneens",8,8,Eens,Helemaal eens,Oneens,Eens
Nee,Nee,Man,1999,Dorp,atheïst,Nederlands,Lager secundair,Bachelor of equivalent,TSO,4,4,Nee,75-100%,1,model,Programmeren,,1,0,1,0,Nooit,8,Goed,Regelmatig,Nooit,8,8,Helemaal eens,Eens,Oneens,Eens,5,,"Noch eens, noch oneens",Eens,Helemaal oneens,Oneens
Ja ,Ja,Man,1998,Stad,christen,Nederlands,Hoger secundair,Bachelor of equivalent,ASO,6,4,Ja,50-74%,1,aangepast,Systeembeheer,Tinitus (oorsuizingen);,2,0,0.5,10,Enkele keren per maand,7,"Noch slecht, noch goed",Regelmatig,Meermaals per nacht,6,7,Eens,"Noch eens, noch oneens",Oneens,Eens,5,9,"Noch eens, noch oneens",Eens,Helemaal oneens,Oneens
Ja ,Nee,Man,1996,Platteland,agnost,Nederlands,Hoger secundair,Bachelor of equivalent,TSO,4,3,Ja,75-100%,1,aangepast,Programmeren,Disortografie;Tinitus (oorsuizingen);,3,3,2,15,Maandelijks,6,Zeer goed,"Noch onregelmatig, noch regelmatig",Nooit,14,5,Eens,Eens,Helemaal oneens,Eens,8,,Eens,Oneens,Helemaal oneens,"Noch eens, noch oneens"
Ja ,Nee,Man,1999,Platteland,atheïst,Nederlands,Hoger secundair,Hoger secundair,TSO,3,3,Ja,75-100%,1,aangepast,Systeembeheer,,2,3,2,1,Nooit,65,"Noch slecht, noch goed",Regelmatig,Zelden,19,6,Helemaal eens,Eens,Oneens,Helemaal eens,16,6,Helemaal eens,Oneens,Eens,Helemaal oneens
Ja ,Nee,Man,1995,Dorp,agnost,Nederlands,Master of equivalent universiteit,Master of equivalent universiteit,ASO,6,4,Ja,50-74%,1,aangepast,Programmeren,Tinitus (oorsuizingen);,2,4,1,4,Zelden,8,Zeer slecht,Zeer onregelmatig,Meestal,,,,,,,18,9,Helemaal oneens,Eens,"Noch eens, noch oneens",Eens
Ja ,Ja,Man,1998,Platteland,christen,Nederlands,Bachelor of equivalent,Master of equivalent universiteit,ASO,4,5,Nee,75-100%,1,model,Programmeren,,1,1,4,35,Wekelijks,6,Goed,Onregelmatig,Meestal,14,5,Helemaal eens,Oneens,Oneens,Helemaal eens,14,5,Eens,"Noch eens, noch oneens",Oneens,Eens
Nee,Nee,Man,1999,Platteland,atheïst,Nederlands,Hoger secundair,Hoger secundair,ASO,4,4,Nee,75-100%,1,model,Programmeren,,2,0,0,0,Nooit,8,"Noch slecht, noch goed",Zeer regelmatig,Nooit,8,9,"Noch eens, noch oneens",Eens,Helemaal oneens,Eens,5,8,"Noch eens, noch oneens",Oneens,Oneens,"Noch eens, noch oneens"
Ja ,Ja,Man,1996,Stad,moslim,Anders,Hoger secundair,Hoger secundair,ASO,8,5,Nee,75-100%,1,model,Programmeren,,10,3,0,0,Nooit,6,Goed,Onregelmatig,Zelden,14,6,"Noch eens, noch oneens",Eens,Helemaal oneens,Eens,9,8,"Noch eens, noch oneens",Eens,Eens,Eens
Ja ,Ja,Man,1999,Stad,atheïst,Nederlands,Weet niet,Weet niet,ASO,8,4,Ja,75-100%,1,aangepast,Programmeren,,2,0,0,0,Nooit,7,Slecht,Onregelmatig,Zelden,,,,,,,16,6,,Helemaal oneens,Helemaal oneens,"Noch eens, noch oneens"
Nee,Ja,Man,1997,Stad,atheïst,Nederlands,Bachelor of equivalent,Bachelor of equivalent,ASO,6,5,Nee,75-100%,1,model,Programmeren,,8,6,0,1,Nooit,7,"Noch slecht, noch goed",Onregelmatig,Zelden,13,7,"Noch eens, noch oneens",Oneens,Eens,Oneens,10,7,Eens,Eens,Oneens,Eens
Ja ,Nee,Man,1997,Platteland,atheïst,Nederlands,Master of equivalent universiteit,Bachelor of equivalent,TSO,8,3,Ja,75-100%,2,aangepast,Programmeren,Depressie;,1,0,0,2,Nooit,6,Zeer slecht,Regelmatig,Meestal,18,6,Eens,Oneens,"Noch eens, noch oneens",Eens,9,7,Eens,Eens,"Noch eens, noch oneens","Noch eens, noch oneens"
Nee,Nee,Man,1999,Platteland,agnost,Nederlands,Bachelor of equivalent,Bachelor of equivalent,ASO,5,5,Nee,75-100%,1,model,Systeembeheer,,2,5,1,4,Nooit,7,Zeer goed,Onregelmatig,Zelden,20,7,Helemaal eens,"Noch eens, noch oneens",Helemaal oneens,Helemaal eens,17,7,Helemaal eens,Helemaal oneens,Oneens,"Noch eens, noch oneens"
Ja ,Ja,Man,1997,Platteland,agnost,Nederlands,Bachelor of equivalent,Lagere school,TSO,6,4,Ja,50-74%,3,aangepast,Systeembeheer,,1,1,0,20,Nooit,8,Slecht,Onregelmatig,Af en toe,16,8,Eens,Oneens,Helemaal oneens,Eens,9,7,"Noch eens, noch oneens",Oneens,"Noch eens, noch oneens",Eens
Ja ,Ja,Man,1995,Anders,atheïst,Nederlands,Bachelor of equivalent,Bachelor of equivalent,TSO,4,4,Nee,75-100%,1,model,Programmeren,,2,0,0,3,Nooit,7,"Noch slecht, noch goed",Regelmatig,Af en toe,,,,,,,,,,,,Eens
Ja ,Nee,Man,1998,Stad,atheïst,Nederlands,Hoger secundair,Bachelor of equivalent,TSO,4,3,Ja,50-74%,1,aangepast,Programmeren,Dyslexie;,4,8,0,15,Nooit,7,"Noch slecht, noch goed",Zeer onregelmatig,Nooit,12,3,Eens,Helemaal oneens,Eens,Eens,,,,,,
Nee,Ja,Man,1998,Platteland,christen,Nederlands,Bachelor of equivalent,Bachelor of equivalent,TSO,3,4,Nee,75-100%,1,model,Programmeren,,1,0,0,2,Zelden,8,Slecht,Onregelmatig,Af en toe,7,6,Oneens,Oneens,"Noch eens, noch oneens",Helemaal oneens,4,7,"Noch eens, noch oneens",Oneens,"Noch eens, noch oneens",Helemaal oneens
Ja ,Ja,Man,1996,Platteland,atheïst,Nederlands,Lager secundair,Geen,TSO,5,4,Ja,50-74%,3,aangepast,Programmeren,,2,3,1,0,Nooit,6,Goed,Zeer regelmatig,Zelden,7,6,"Noch eens, noch oneens","Noch eens, noch oneens","Noch eens, noch oneens","Noch eens, noch oneens",8,6,Eens,Eens,Helemaal oneens,Helemaal eens
Ja ,Nee,Man,1998,Stad,christen,Nederlands,Master of equivalent buiten universiteit,Master of equivalent universiteit,TSO,5,3,Ja,75-100%,1,aangepast,Programmeren,,1,0,1,5,Nooit,7,"Noch slecht, noch goed",Regelmatig,Zelden,9,7,Oneens,Eens,Helemaal oneens,"Noch eens, noch oneens",11,6,Oneens,"Noch eens, noch oneens","Noch eens, noch oneens","Noch eens, noch oneens"
Ja ,Nee,Man,1995,Platteland,atheïst,Nederlands,Bachelor of equivalent,Bachelor of equivalent,ASO,8,4,Nee,75-100%,1,aangepast,Programmeren,,1,0,0,0,Nooit,7,Goed,"Noch onregelmatig, noch regelmatig",Af en toe,19,5,Eens,Oneens,Oneens,Helemaal eens,,,,,,
Nee,Ja,Man,1998,Stad,christen,Nederlands,Hoger secundair,Bachelor of equivalent,ASO,3,5,Ja,50-74%,1,aangepast,Programmeren,AD(H)D;,1,2,0,8,Zelden,6,Goed,"Noch onregelmatig, noch regelmatig",Meestal,10,5,Eens,"Noch eens, noch oneens","Noch eens, noch oneens",Eens,9,7,Eens,"Noch eens, noch oneens",Oneens,"Noch eens, noch oneens"
Ja ,Nee,Man,1996,Platteland,agnost,Nederlands,Hoger secundair,Bachelor of equivalent,TSO,4,3,Ja,75-100%,1,aangepast,Programmeren,Disortografie;Tinitus (oorsuizingen);,2.5,4,1,15,Maandelijks,6,Zeer goed,Onregelmatig,Nooit,,,,,,,,,,,,
Nee,Nee,Man,1998,Stad,atheïst,Nederlands,Weet niet,Weet niet,ASO,8,4,Nee,50-74%,1,model,Programmeren,,1,0,0,0,Nooit,55,"Noch slecht, noch goed","Noch onregelmatig, noch regelmatig",Af en toe,6,5,"Noch eens, noch oneens",Oneens,Helemaal eens,Helemaal eens,7,5,Oneens,"Noch eens, noch oneens","Noch eens, noch oneens",Eens
Ja ,Nee,Man,1998,Platteland,atheïst,Nederlands,Bachelor of equivalent,Bachelor of equivalent,ASO,7,4,Ja,75-100%,1,aangepast,Programmeren,,1,1,0,40,Zelden,6,"Noch slecht, noch goed",Onregelmatig,Zelden,,,,,,,11,6,Eens,Eens,Helemaal oneens,Eens
Nee,Nee,Man,1987,Stad,christen,Nederlands,Hoger secundair,Lager secundair,TSO,3,4,Ja,75-100%,1,aangepast,Systeembeheer,Autisme spectrum stoornis ;AD(H)D;,3,0,0,4,Nooit,7,Goed,"Noch onregelmatig, noch regelmatig",Af en toe,14,6.5,Eens,Helemaal oneens,"Noch eens, noch oneens",Eens,7,6,Eens,Eens,Eens,Oneens
Nee,Ja,Man,1999,Stad,christen,Nederlands,Master of equivalent universiteit,Bachelor of equivalent,ASO,5,5,Nee,75-100%,1,model,Systeembeheer,,5,7,0,2,Nooit,8,Goed,"Noch onregelmatig, noch regelmatig",Nooit,10,7,Eens,"Noch eens, noch oneens",Helemaal oneens,"Noch eens, noch oneens",9,8,Eens,"Noch eens, noch oneens","Noch eens, noch oneens","Noch eens, noch oneens"
Ja ,Ja,Man,1996,Stad,agnost,Nederlands,Weet niet,Weet niet,ASO,4,3,Ja,75-100%,1,aangepast,Systeembeheer,,1.5,4,0.5,0,Nooit,6,Goed,Zeer onregelmatig,Zelden,,,,,,,,,,,,
Nee,Nee,Man,1997,Platteland,christen,Nederlands,Hoger secundair,Bachelor of equivalent,ASO,8,4,Nee,75-100%,1,aangepast,Programmeren,Lichte vorm van ADD;,1,0,0,10,Nooit,5,"Noch slecht, noch goed",Zeer onregelmatig,Zelden,13,6,Eens,Eens,Oneens,Oneens,,,,,,
Ja ,Nee,Man,1995,Stad,moslim,Arabisch,Hoger secundair,Hoger secundair,ASO,6,4,Nee,75-100%,1,aangepast,Programmeren,Geen;,1,6,0,0.5,Maandelijks,7,Goed,Regelmatig,Zelden,8,7.5,Eens,"Noch eens, noch oneens","Noch eens, noch oneens",Eens,12,8,Eens,"Noch eens, noch oneens",Oneens,Eens
Nee,Ja,Man,1997,Dorp,atheïst,Nederlands,Bachelor of equivalent,Bachelor of equivalent,TSO,16,0,Nee,75-100%,1,model,Systeembeheer,,3,12,1,0,Nooit,8,"Noch slecht, noch goed",Zeer regelmatig,Af en toe,14,7.5,"Noch eens, noch oneens",Eens,Oneens,Eens,11,7,"Noch eens, noch oneens",Oneens,Eens,Eens
Nee,Ja,Man,1998,Platteland,christen,Nederlands,Hoger secundair,Hoger secundair,ASO,6,4,Ja,75-100%,2,aangepast,Programmeren,,2,6,1,10,Zelden,65,Goed,Regelmatig,Nooit,,,,,,,,,,,,
Ja ,Ja,Man,1998,Platteland,atheïst,Nederlands,Hoger secundair,Lager secundair,BSO,0,0,Ja,50-74%,1,aangepast,Programmeren,"discalculie, insomnia;AD(H)D;Dyslexie;",2.3,14.3,,0,Nooit,7,"Noch slecht, noch goed",Regelmatig,Af en toe,8,8,Helemaal eens,Eens,Helemaal oneens,Helemaal eens,7,7,"Noch eens, noch oneens",Eens,"Noch eens, noch oneens",Eens
Ja ,Ja,Man,1999,Stad,christen,Nederlands,Doctoraat,Master of equivalent universiteit,TSO,8,4,Ja,75-100%,1,aangepast,Programmeren,Tinitus (oorsuizingen);,1,0,0.2,4,Nooit,7,Slecht,Zeer onregelmatig,Zelden,,,,,,,,,,,,
Nee,Ja,Man,1998,Stad,agnost,Nederlands,Hoger secundair,Hoger secundair,ASO,3,2,Nee,75-100%,1,model,Programmeren,,1,1,0,0,Nooit,7,Goed,Regelmatig,Nooit,6,7,"Noch eens, noch oneens","Noch eens, noch oneens","Noch eens, noch oneens","Noch eens, noch oneens",19,7,Eens,Helemaal oneens,"Noch eens, noch oneens",Helemaal eens
Ja ,Ja,Man,1997,Platteland,christen,Nederlands,Master of equivalent universiteit,Master of equivalent universiteit,TSO,6,4,Nee,50-74%,1,model,Systeembeheer,AD(H)D;,1,6,0,10,Maandelijks,8,"Noch slecht, noch goed",Regelmatig,Zelden,10,7,Eens,Eens,Helemaal eens,Oneens,,,,,,
Nee,Ja,Man,1998,Stad,atheïst,Anders,Weet niet,Weet niet,ASO,6,3,Ja,50-74%,1,aangepast,Programmeren,,2,0,0,0,Maandelijks,6,"Noch slecht, noch goed",Regelmatig,Nooit,9,7,Eens,Eens,,Eens,13,7,Eens,Eens,Oneens,Oneens
Ja ,Ja,Man,1998,Platteland,christen,Frans,Hoger secundair,Hoger secundair,ASO,3,4,Ja,75-100%,1,aangepast,Programmeren,,1,2,1,0,Nooit,8,Slecht,Regelmatig,Zelden,,,,,,,,,,,,
Nee,Nee,Man,1996,Stad,christen,Nederlands,Doctoraat,Master of equivalent universiteit,ASO,5,4,Ja,75-100%,2,aangepast,Systeembeheer,,3,10,0,3,Nooit,7,Goed,"Noch onregelmatig, noch regelmatig",Zelden,12,7,"Noch eens, noch oneens",Eens,Helemaal oneens,Eens,7,7,"Noch eens, noch oneens",Oneens,Eens,Helemaal eens
Ja ,Ja,Vrouw,1997,Stad,atheïst,Nederlands,Hoger secundair,Bachelor of equivalent,ASO,4,4,Nee,75-100%,1,model,Programmeren,,6,0,0,1,Nooit,7,"Noch slecht, noch goed",Onregelmatig,Af en toe,,,,,,,,,,,,
Ja ,Ja,Man,1997,Platteland,christen,Nederlands,Hoger secundair,Bachelor of equivalent,TSO,6,4,Ja,25-49%,2,aangepast,Systeembeheer,,1,25,0,16,Wekelijks,6,Slecht,Zeer onregelmatig,Zelden,5,6,Eens,Oneens,"Noch eens, noch oneens",Oneens,7,3,Eens,Oneens,Oneens,"Noch eens, noch oneens"
Ja ,Nee,Man,1997,Stad,atheïst,Nederlands,Master of equivalent buiten universiteit,Bachelor of equivalent,TSO,5,2,Ja,50-74%,1,aangepast,Programmeren,AD(H)D;,4,0,1,3,Zelden,6,Goed,Onregelmatig,Zelden,5,6,"Noch eens, noch oneens","Noch eens, noch oneens",Helemaal eens,"Noch eens, noch oneens",,,,,,
Ja ,Nee,Man,1998,Platteland,christen,Nederlands,Lager secundair,Bachelor of equivalent,ASO,5,4,Ja,75-100%,1,aangepast,Programmeren,,0,0,0,0,Nooit,7,Goed,Regelmatig,Nooit,9,7,"Noch eens, noch oneens",Eens,Eens,Eens,5,7,"Noch eens, noch oneens",Oneens,Oneens,"Noch eens, noch oneens"
Ja ,Ja,Man,1998,Platteland,christen,Nederlands,Bachelor of equivalent,Bachelor of equivalent,ASO,5,4,Ja,75-100%,1,aangepast,Programmeren,,3,10,0,5,Nooit,7,Zeer goed,Regelmatig,Nooit,12,6,Eens,Helemaal eens,Oneens,Eens,10,7,Eens,Oneens,Oneens,"Noch eens, noch oneens"
Nee,Ja,Man,1995,Dorp,atheïst,Nederlands,Weet niet,Weet niet,TSO,3,4,Ja,75-100%,1,aangepast,Systeembeheer,,0.5,3.5,0,0.5,Nooit,7,Zeer goed,Regelmatig,Zelden,4,8,Eens,Eens,Eens,Eens,8,7,"Noch eens, noch oneens",Eens,Eens,"Noch eens, noch oneens"
Nee,Ja,Man,1998,Stad,atheïst,Nederlands,Weet niet,Hoger secundair,TSO,6,2,Nee,75-100%,1,model,Programmeren,Depressie;,1.5,0,0,0.75,Nooit,5,Slecht,Regelmatig,Elke nacht,7,6,Eens,"Noch eens, noch oneens","Noch eens, noch oneens",Helemaal eens,12,4,Eens,Oneens,Eens,"Noch eens, noch oneens"
Nee,Nee,Man,1990,Stad,agnost,Nederlands,Bachelor of equivalent,Bachelor of equivalent,ASO,3,6,Nee,75-100%,1,aangepast,Programmeren,,1,5,0.5,7,Nooit,6,Goed,Onregelmatig,Af en toe,,,,,,,,,,,,
Ja ,Nee,Man,1997,Stad,atheïst,Nederlands,Master of equivalent universiteit,Bachelor of equivalent,ASO,7,4,Ja,75-100%,1,aangepast,Systeembeheer,,1,3,0,3,Nooit,8,Goed,Zeer regelmatig,Zelden,7,8,Eens,Eens,Oneens,"Noch eens, noch oneens",10,7,Eens,"Noch eens, noch oneens",Helemaal eens,Helemaal oneens
Ja ,Nee,Man,1998,Stad,christen,Arabisch,Hoger secundair,Lager secundair,ASO,3,2,Ja,75-100%,2,aangepast,Programmeren,,1,0,0,20,Enkele keren per maand,7,Goed,Regelmatig,Zelden,13,10,Eens,Oneens,Oneens,Helemaal eens,10,8,Helemaal eens,Eens,Helemaal oneens,Oneens
Nee,Ja,Man,1999,Platteland,atheïst,Nederlands,Hoger secundair,Bachelor of equivalent,ASO,7,4,Nee,75-100%,1,aangepast,Programmeren,,1,0,0,5,Nooit,8,Zeer goed,Regelmatig,Nooit,11,7,"Noch eens, noch oneens",Eens,Oneens,"Noch eens, noch oneens",7,7.5,Eens,Eens,"Noch eens, noch oneens",Oneens
Nee,Ja,Man,1991,Platteland,christen,Nederlands,Doctoraat,Bachelor of equivalent,ASO,2,2,Ja,75-100%,2,aangepast,Programmeren,,1,1,0,10,Nooit,6,Goed,Regelmatig,Zelden,10,6,"Noch eens, noch oneens","Noch eens, noch oneens","Noch eens, noch oneens","Noch eens, noch oneens",,,,,,
Nee,Nee,Man,1998,Stad,atheïst,Nederlands,Lager secundair,Hoger secundair,ASO,5,4,Ja,75-100%,2,aangepast,Systeembeheer,Nachtmerries OZT en POD;,2,10,0,1,Nooit,8,Goed,Regelmatig,Nooit,9,6,"Noch eens, noch oneens",Eens,Oneens,Eens,3,7,"Noch eens, noch oneens","Noch eens, noch oneens","Noch eens, noch oneens","Noch eens, noch oneens"
Ja ,Ja,Man,1998,Stad,atheïst,Nederlands,Lager secundair,Bachelor of equivalent,TSO,6,4,Ja,75-100%,1,aangepast,Programmeren,Tinitus (oorsuizingen);,2,0,0,7,Dagelijks,9,Zeer goed,Onregelmatig,Zelden,13,7,"Noch eens, noch oneens","Noch eens, noch oneens","Noch eens, noch oneens","Noch eens, noch oneens",10,7,"Noch eens, noch oneens",Oneens,Oneens,"Noch eens, noch oneens"
Ja ,Nee,Man,1998,Platteland,christen,Nederlands,Hoger secundair,Bachelor of equivalent,ASO,4,5,Nee,75-100%,1,model,Programmeren,AD(H)D;,3,5,0,60,Dagelijks,7,"Noch slecht, noch goed",Zeer onregelmatig,Af en toe,6,5,"Noch eens, noch oneens",Oneens,,"Noch eens, noch oneens",9,5,"Noch eens, noch oneens","Noch eens, noch oneens",Oneens,Eens
Nee,Nee,Man,1995,Stad,christen,Nederlands,Bachelor of equivalent,Bachelor of equivalent,ASO,8,5,Nee,75-100%,1,aangepast,Programmeren,Autisme;,1,0,1,10,Nooit,8,"Noch slecht, noch goed",Zeer onregelmatig,Elke nacht,13,7,Eens,Helemaal oneens,Eens,"Noch eens, noch oneens",10,8,Eens,Eens,Oneens,"Noch eens, noch oneens"
Ja ,Ja,Man,1997,Stad,christen,Nederlands,Lager secundair,Bachelor of equivalent,TSO,6,3,Nee,75-100%,1,model,Systeembeheer,AD(H)D;,1,0,0,3,Enkele keren per week,7,Goed,Onregelmatig,Af en toe,12,7,"Noch eens, noch oneens","Noch eens, noch oneens","Noch eens, noch oneens","Noch eens, noch oneens",9,7,"Noch eens, noch oneens",Eens,Eens,Helemaal eens
Ja ,Nee,Man,1998,Stad,atheïst,Nederlands,Master of equivalent universiteit,Bachelor of equivalent,ASO,5,2,Ja,0-24%,2,aangepast,Programmeren,AD(H)D;Tinitus (oorsuizingen);,3,4,0,10,Maandelijks,5,Slecht,Onregelmatig,Af en toe,19,4,Eens,"Noch eens, noch oneens",Oneens,"Noch eens, noch oneens",14,6,"Noch eens, noch oneens","Noch eens, noch oneens",Oneens,Eens
Ja ,Ja,Man,1999,Stad,atheïst,Nederlands,Bachelor of equivalent,Master of equivalent universiteit,TSO,4,2,Nee,75-100%,1,model,Programmeren,Dyslexie;,1,6,0,15,Zelden,6,"Noch slecht, noch goed",Zeer onregelmatig,Zelden,,,,,,,8,5,,Eens,Oneens,Eens
Ja ,Ja,Man,1998,Platteland,christen,Nederlands,Hoger secundair,Bachelor of equivalent,ASO,4,5,Ja,75-100%,1,model,Programmeren,,1,0,1,0,Nooit,7.5,Goed,"Noch onregelmatig, noch regelmatig",Zelden,,,,,,,,,,,,
Ja ,Nee,Vrouw,1999,Platteland,atheïst,Nederlands,Hoger secundair,Hoger secundair,ASO,6,4,Nee,50-74%,1,model,Systeembeheer,,3,0,0.2,0,Nooit,8,"Noch slecht, noch goed",Onregelmatig,Zelden,18,7,Eens,"Noch eens, noch oneens","Noch eens, noch oneens",Eens,13,6,Eens,Oneens,"Noch eens, noch oneens","Noch eens, noch oneens"
Ja ,Ja,Man,1997,Platteland,atheïst,Nederlands,Master of equivalent universiteit,Master of equivalent universiteit,ASO,8,4,Nee,75-100%,1,model,Programmeren,AD(H)D;,1,6,0,40,Enkele keren per week,6,"Noch slecht, noch goed",Zeer onregelmatig,Af en toe,,,,,,,,,,,,
Nee,Nee,Man,1996,Stad,christen,Nederlands,Hoger secundair,Hoger secundair,TSO,4,2,Ja,75-100%,1,aangepast,Programmeren,,1,3,0,3,Nooit,7,"Noch slecht, noch goed",Zeer onregelmatig,Zelden,11,8,Eens,"Noch eens, noch oneens",Oneens,Helemaal eens,,,,,,
Nee,Ja,Man,1997,Stad,atheïst,Nederlands,Master of equivalent universiteit,Master of equivalent universiteit,ASO,8,4,Nee,75-100%,1,model,Systeembeheer,,2,1.5,0.1,9,Nooit,7,Zeer goed,Zeer onregelmatig,Zelden,15,7,Eens,Eens,"Noch eens, noch oneens",Helemaal eens,8,9,Eens,Oneens,Eens,Eens
Nee,Nee,Man,1999,Stad,christen,Nederlands,Bachelor of equivalent,Bachelor of equivalent,TSO,4,3,Nee,75-100%,1,model,Programmeren,,2,0,0,2,Zelden,8,"Noch slecht, noch goed","Noch onregelmatig, noch regelmatig",Af en toe,,,,,,,,,,,,
Ja ,Nee,Man,1995,Stad,atheïst,Nederlands,Hoger secundair,Hoger secundair,ASO,7,5,Ja,50-74%,1,aangepast,Programmeren,anxiety;,1.5,4,1,12,Nooit,6,Slecht,Zeer onregelmatig,Af en toe,11,4,Eens,Helemaal oneens,Oneens,Helemaal eens,,,,,,
Nee,Ja,Man,1995,Platteland,christen,Nederlands,Master of equivalent universiteit,Bachelor of equivalent,ASO,6,5,Ja,75-100%,2,aangepast,Programmeren,,15,6,0,10,Zelden,7,Goed,Regelmatig,Af en toe,,,,,,,,,,,,
Ja ,Ja,Man,1997,Platteland,agnost,Nederlands,Master of equivalent universiteit,Bachelor of equivalent,ASO,3,5,Ja,75-100%,1,aangepast,Programmeren,Dyslexie;,1,3,1,5,Zelden,8,Goed,"Noch onregelmatig, noch regelmatig",Zelden,8,6,Eens,"Noch eens, noch oneens",Helemaal oneens,Eens,6,8,Eens,Helemaal eens,"Noch eens, noch oneens","Noch eens, noch oneens"
Nee,Ja,Vrouw,1998,Dorp,atheïst,Nederlands,Bachelor of equivalent,Hoger secundair,ASO,4,4,Ja,75-100%,1,aangepast,Programmeren,,2,0,0,3,Nooit,7,Slecht,"Noch onregelmatig, noch regelmatig",Af en toe,11,7,Eens,"Noch eens, noch oneens",Eens,Eens,6,7,Eens,Eens,Helemaal oneens,"Noch eens, noch oneens"
Ja ,Nee,Man,1999,Platteland,christen,Nederlands,Master of equivalent universiteit,Bachelor of equivalent,ASO,4,5,Nee,75-100%,1,model,Systeembeheer,,1,3,0,1,Nooit,8,Goed,"Noch onregelmatig, noch regelmatig",Zelden,11,8,"Noch eens, noch oneens","Noch eens, noch oneens","Noch eens, noch oneens","Noch eens, noch oneens",15,7,"Noch eens, noch oneens","Noch eens, noch oneens",Oneens,Helemaal eens
Nee,Ja,Man,1995,Platteland,christen,Nederlands,Lager secundair,Hoger secundair,TSO,4,2,Ja,75-100%,2,aangepast,Programmeren,,15,5,0,20,Nooit,65,"Noch slecht, noch goed","Noch onregelmatig, noch regelmatig",Nooit,11,6.5,Oneens,Eens,Oneens,Eens,10,2.5,Oneens,"Noch eens, noch oneens",Oneens,"Noch eens, noch oneens"
Ja ,Nee,Man,1997,Anders,christen,Nederlands,Doctoraat,Master of equivalent universiteit,ASO,6,5,Ja,50-74%,2,aangepast,Systeembeheer,Dyslexie;,0.5,0,1,0.25,Nooit,6,Goed,Regelmatig,Zelden,17,7,Eens,Eens,Eens,Helemaal eens,11,7,Eens,"Noch eens, noch oneens","Noch eens, noch oneens","Noch eens, noch oneens"
Nee,Ja,Man,1997,Stad,christen,Nederlands,Bachelor of equivalent,Bachelor of equivalent,ASO,5,5,Ja,50-74%,2,aangepast,Systeembeheer,,2,0,0,3,Nooit,5,"Noch slecht, noch goed",Zeer onregelmatig,Nooit,13,0,"Noch eens, noch oneens","Noch eens, noch oneens","Noch eens, noch oneens","Noch eens, noch oneens",,,,,,
Ja ,Nee,Man,1997,Stad,atheïst,Nederlands,Master of equivalent universiteit,Master of equivalent universiteit,ASO,6,4,Ja,75-100%,1,aangepast,Programmeren,,1,3,1,8,Maandelijks,8,Goed,Onregelmatig,Zelden,14,8,Eens,Eens,Oneens,Helemaal eens,7,5.5,Eens,"Noch eens, noch oneens",Oneens,Helemaal eens
Nee,Ja,Man,1999,Stad,atheïst,Nederlands,Bachelor of equivalent,Bachelor of equivalent,ASO,7,4,Ja,50-74%,1,model,Programmeren,,2,5,0,0,Nooit,6,"Noch slecht, noch goed",Regelmatig,Af en toe,17,6,Helemaal eens,Eens,Oneens,Eens,9,7,"Noch eens, noch oneens","Noch eens, noch oneens","Noch eens, noch oneens","Noch eens, noch oneens"
Nee,Ja,Man,1998,Platteland,christen,Nederlands,Hoger secundair,Lager secundair,TSO,4,4,Ja,75-100%,1,aangepast,Programmeren,,2,2,2,0,Nooit,5,"Noch slecht, noch goed",Regelmatig,Zelden,13,6,Eens,"Noch eens, noch oneens",Oneens,Oneens,14,6,Eens,"Noch eens, noch oneens",Helemaal oneens,"Noch eens, noch oneens"
Ja ,Ja,Man,1997,Platteland,christen,Nederlands,Master of equivalent universiteit,Bachelor of equivalent,ASO,5,4,Ja,75-100%,1,aangepast,Systeembeheer,,0.5,0,1,1,Nooit,6,"Noch slecht, noch goed",Regelmatig,Zelden,12,6.5,Eens,Oneens,Oneens,Helemaal eens,,,,,,
Ja ,Ja,Man,1998,Platteland,christen,Frans,Hoger secundair,Hoger secundair,ASO,3,4,Ja,75-100%,1,aangepast,Programmeren,,1,0,1,0,Nooit,9,Slecht,Regelmatig,Zelden,12,8,"Noch eens, noch oneens",Oneens,Oneens,Eens,3,9,"Noch eens, noch oneens",Oneens,"Noch eens, noch oneens",Eens
Ja ,Ja,Man,1997,Platteland,christen,Nederlands,Hoger secundair,Master of equivalent universiteit,TSO,5,3,Ja,50-74%,2,aangepast,Programmeren,,2,2,0,5,Nooit,5,"Noch slecht, noch goed",Regelmatig,Zelden,15,3,Eens,Helemaal oneens,Eens,Oneens,7,8,Eens,Eens,Oneens,"Noch eens, noch oneens"
Nee,Nee,Man,1997,Stad,atheïst,Nederlands,Master of equivalent universiteit,Doctoraat,ASO,4,5,Nee,75-100%,1,model,Programmeren,,1.25,0,2,8,Nooit,6,Slecht,Zeer onregelmatig,Zelden,,,,,,,,,,,,
Nee,Nee,Man,1997,Platteland,christen,Nederlands,Hoger secundair,Bachelor of equivalent,ASO,8,3,Nee,75-100%,1,aangepast,Programmeren,,2,2,2,10,Zelden,6,"Noch slecht, noch goed",Onregelmatig,Af en toe,11,5,Oneens,Eens,"Noch eens, noch oneens",Eens,15,7,Oneens,Eens,"Noch eens, noch oneens",Eens
Ja ,Nee,Man,1998,Platteland,christen,Nederlands,Master of equivalent universiteit,Master of equivalent universiteit,TSO,3,3,Ja,50-74%,1,aangepast,Systeembeheer,,1,6,1,1,Nooit,7,Goed,Regelmatig,Zelden,15,8,Eens,Eens,Oneens,Eens,13,8,Eens,"Noch eens, noch oneens","Noch eens, noch oneens","Noch eens, noch oneens"
Nee,Nee,Man,1998,Stad,,Nederlands,Bachelor of equivalent,Hoger secundair,TSO,4,2,Ja,75-100%,2,aangepast,Systeembeheer,,2,7,0,0,Nooit,6,"Noch slecht, noch goed",Onregelmatig,Zelden,16,8,Helemaal eens,Eens,Helemaal oneens,Eens,10,8,Helemaal eens,"Noch eens, noch oneens",Oneens,Eens
Ja ,Ja,Vrouw,1997,Stad,atheïst,Nederlands,Hoger secundair,Hoger secundair,ASO,3,5,Ja,25-49%,2,aangepast,Programmeren,,2,2,0,2,Nooit,7,"Noch slecht, noch goed",Onregelmatig,Af en toe,,,,,,,,,,,,
Ja ,Ja,Man,1998,Platteland,moslim,Nederlands,Weet niet,Hoger secundair,BSO,2,0,Nee,75-100%,1,model,Programmeren,AD(H)D;,6,13,1,0,Nooit,6,Goed,Regelmatig,Nooit,7,5,"Noch eens, noch oneens",Oneens,"Noch eens, noch oneens","Noch eens, noch oneens",6,6,Eens,Eens,Oneens,Eens
Nee,Nee,Man,1999,Platteland,christen,Nederlands,Bachelor of equivalent,Bachelor of equivalent,ASO,4,3,Ja,75-100%,1,aangepast,Programmeren,,1,3,0,3,Nooit,6,"Noch slecht, noch goed",Onregelmatig,Nooit,16,6,Eens,Eens,Oneens,Eens,10,7,"Noch eens, noch oneens",,,
Ja ,Ja,Man,1998,Stad,atheïst,Nederlands,Bachelor of equivalent,Hoger secundair,ASO,8,4,Ja,75-100%,1,aangepast,Programmeren,,1,3,1,2,Nooit,7,Goed,"Noch onregelmatig, noch regelmatig",Zelden,19,8,Eens,Eens,Helemaal oneens,Helemaal eens,17,7,Eens,"Noch eens, noch oneens","Noch eens, noch oneens","Noch eens, noch oneens"
Nee,Nee,Man,1999,Stad,christen,Nederlands,Hoger secundair,Hoger secundair,ASO,3,5,Nee,75-100%,1,model,Systeembeheer,,2,5,0,1,Nooit,7.5,Goed,Regelmatig,Af en toe,3,7,"Noch eens, noch oneens",Eens,Oneens,Oneens,,,,,,
Ja ,Ja,Vrouw,1999,Platteland,christen,Nederlands,Hoger secundair,Bachelor of equivalent,ASO,4,3,Nee,75-100%,1,model,Programmeren,,15,1,1,1,Nooit,8,Goed,Regelmatig,Zelden,15,8,Eens,Eens,"Noch eens, noch oneens",Eens,13,8,Eens,"Noch eens, noch oneens","Noch eens, noch oneens","Noch eens, noch oneens"
Ja ,Ja,Man,1999,Stad,agnost,Nederlands,Hoger secundair,Hoger secundair,TSO,4,4,Nee,75-100%,1,model,Systeembeheer,,1,0,0,0,Nooit,8,Zeer goed,Regelmatig,Zelden,17,8,"Noch eens, noch oneens",Helemaal eens,Oneens,Eens,6,9,"Noch eens, noch oneens",Helemaal eens,Helemaal oneens,Oneens
Nee,Nee,Man,1999,Dorp,atheïst,Nederlands,Hoger secundair,Hoger secundair,ASO,5,4,Nee,75-100%,1,model,Systeembeheer,,0.5,0,0,1,Nooit,6.5,Goed,Onregelmatig,Zelden,15,6,"Noch eens, noch oneens",Eens,Oneens,"Noch eens, noch oneens",5,7,Eens,Oneens,Helemaal oneens,Eens
Nee,Nee,Man,1996,Stad,atheïst,Nederlands,Hoger secundair,Hoger secundair,ASO,6,4,Ja,25-49%,2,aangepast,Systeembeheer,,1,5,0,10,Nooit,7,Slecht,Zeer onregelmatig,Nooit,15,6,"Noch eens, noch oneens","Noch eens, noch oneens",,"Noch eens, noch oneens",14,7,"Noch eens, noch oneens","Noch eens, noch oneens",Helemaal oneens,Eens
Ja ,Ja,Man,1997,Stad,moslim,Frans,Weet niet,Lager secundair,TSO,4,4,Nee,75-100%,1,model,Programmeren,,2,5,0,0,Nooit,9,Goed,Regelmatig,Zelden,11,7,Eens,"Noch eens, noch oneens",Helemaal oneens,Helemaal eens,8,9,"Noch eens, noch oneens","Noch eens, noch oneens","Noch eens, noch oneens","Noch eens, noch oneens"
Nee,Nee,Man,1998,Platteland,atheïst,Nederlands,Bachelor of equivalent,Hoger secundair,TSO,4,4,Ja,75-100%,1,aangepast,Programmeren,,2,1,0,0,Nooit,9,Goed,Zeer onregelmatig,Nooit,12,8,Helemaal eens,Eens,Oneens,Eens,13,7.5,Helemaal oneens,"Noch eens, noch oneens",Oneens,Eens
Nee,Ja,Vrouw,1997,Stad,christen,Nederlands,Master of equivalent universiteit,Master of equivalent universiteit,ASO,8,5,Nee,75-100%,1,aangepast,Systeembeheer,,1,5,2,0,Nooit,7,"Noch slecht, noch goed",Onregelmatig,Nooit,20,5,Oneens,Oneens,"Noch eens, noch oneens","Noch eens, noch oneens",8,9,"Noch eens, noch oneens","Noch eens, noch oneens","Noch eens, noch oneens","Noch eens, noch oneens"
Ja ,Nee,Man,1993,Stad,christen,Nederlands,Master of equivalent universiteit,Weet niet,ASO,6,4,Ja,50-74%,3,aangepast,Programmeren,,45,2,0,5,Nooit,7,Slecht,Onregelmatig,Nooit,16,9,Eens,Eens,Helemaal oneens,Eens,12,8,Eens,Oneens,Oneens,"Noch eens, noch oneens"
Nee,Nee,Man,1997,Dorp,atheïst,Nederlands,Lager secundair,Bachelor of equivalent,ASO,5,3,Ja,50-74%,2,aangepast,Programmeren,,4,9,0,4,Maandelijks,8,Goed,Regelmatig,Zelden,,,,,,,,,,,,
Nee,Nee,Man,1998,Stad,atheïst,Nederlands,Master of equivalent universiteit,Hoger secundair,ASO,4,4,Nee,75-100%,1,model,Programmeren,,15,6,0,3,Nooit,7,Goed,Zeer onregelmatig,Af en toe,6,6,"Noch eens, noch oneens",Oneens,Oneens,"Noch eens, noch oneens",10,7,"Noch eens, noch oneens",Eens,Oneens,Oneens
Nee,Ja,Man,1996,Platteland,christen,Nederlands,Hoger secundair,Hoger secundair,ASO,6,4,Nee,75-100%,1,model,Programmeren,,1,0,0,5,Nooit,75,Goed,Onregelmatig,Nooit,,,,,,,13,7,Oneens,Eens,Helemaal oneens,Oneens
Ja ,Nee,Man,1997,Stad,agnost,Nederlands,Weet niet,Lager secundair,TSO,5,2,Ja,75-100%,3,aangepast,Programmeren,,5,0,0,20,Enkele keren per week,7,Goed,Zeer regelmatig,Zelden,5,7,Eens,"Noch eens, noch oneens",Helemaal oneens,Eens,,,,,,
Ja ,Nee,Man,1997,Stad,christen,Nederlands,Master of equivalent universiteit,Master of equivalent universiteit,TSO,2,3,Ja,75-100%,2,aangepast,Programmeren,,2,0,0,0,Nooit,8,Goed,Regelmatig,Af en toe,13,9,Eens,Eens,Helemaal eens,"Noch eens, noch oneens",17,8,"Noch eens, noch oneens",Eens,"Noch eens, noch oneens",Oneens
Ja ,Ja,Man,,Platteland,atheïst,Nederlands,Bachelor of equivalent,Master of equivalent universiteit,TSO,4,4,Nee,50-74%,1,model,Programmeren,Slaapstoornissen;,2,8,0,5,Nooit,9,Slecht,Zeer onregelmatig,Af en toe,13,6,,Helemaal oneens,Oneens,Eens,4,11,Eens,Eens,"Noch eens, noch oneens",Eens
Nee,Nee,Man,1998,Platteland,christen,Nederlands,Hoger secundair,Hoger secundair,TSO,4,3,Nee,75-100%,1,model,Systeembeheer,,0.5,4,0,0,Nooit,6,"Noch slecht, noch goed",Regelmatig,Af en toe,12,6,Oneens,"Noch eens, noch oneens","Noch eens, noch oneens",Oneens,6,7,"Noch eens, noch oneens","Noch eens, noch oneens",Eens,"Noch eens, noch oneens"
Nee,Nee,Man,1998,Platteland,christen,Nederlands,Bachelor of equivalent,Bachelor of equivalent,TSO,4,3,Ja,50-74%,2,aangepast,Systeembeheer,,1,10,0,8,Nooit,7,"Noch slecht, noch goed",Onregelmatig,Af en toe,14,,,,,,9,9,"Noch eens, noch oneens",Eens,Helemaal oneens,Eens
Ja ,Ja,Man,1999,Dorp,christen,Nederlands,Hoger secundair,Bachelor of equivalent,ASO,4,6,Ja,75-100%,1,aangepast,Programmeren,,4,6,1,10,Nooit,6,Goed,Onregelmatig,Zelden,,,,,,,,,,,,
Ja ,Ja,Man,1999,Platteland,christen,Nederlands,Bachelor of equivalent,Bachelor of equivalent,ASO,4,4,Nee,75-100%,1,model,Programmeren,,1,0,0,0,Nooit,8,Goed,Regelmatig,Zelden,14,8,Helemaal eens,Eens,"Noch eens, noch oneens",Eens,,,,,,
Nee,Ja,Man,1995,Platteland,agnost,Nederlands,Bachelor of equivalent,Master of equivalent universiteit,ASO,3,5,Ja,75-100%,1,aangepast,Systeembeheer,,1,7,0,4,Nooit,6,Zeer goed,Zeer onregelmatig,Nooit,14,7,Eens,Helemaal eens,Helemaal oneens,Helemaal eens,11,9,"Noch eens, noch oneens",Eens,Oneens,Eens
Nee,Nee,Man,1997,Platteland,atheïst,Nederlands,Bachelor of equivalent,Bachelor of equivalent,TSO,4,2,Ja,50-74%,2,aangepast,Programmeren,,1,1,0,45,Maandelijks,7,Goed,Zeer onregelmatig,Af en toe,15,7,"Noch eens, noch oneens",Oneens,Helemaal oneens,Eens,3,12,Eens,Helemaal eens,"Noch eens, noch oneens","Noch eens, noch oneens"
Ja ,Ja,Man,1996,Stad,atheïst,Nederlands,Hoger secundair,Bachelor of equivalent,ASO,6,5,Ja,75-100%,1,aangepast,Systeembeheer,Tinitus (oorsuizingen);,2,8,0,0,Zelden,8,"Noch slecht, noch goed","Noch onregelmatig, noch regelmatig",Af en toe,,,,,,,16,9,Eens,Helemaal oneens,Helemaal oneens,Eens
Ja ,Nee,Man,2000,Stad,atheïst,Nederlands,Bachelor of equivalent,Bachelor of equivalent,ASO,5,5,Nee,75-100%,1,model,Programmeren,,1,0,1,15,Enkele keren per maand,7,Goed,Onregelmatig,Af en toe,,,,,,,,,,,,
Nee,Nee,Man,1999,Dorp,atheïst,Nederlands,Master of equivalent universiteit,Bachelor of equivalent,TSO,4,4,Ja,75-100%,1,model,Programmeren,,0.5,0,0,2,Nooit,7.5,Zeer goed,Regelmatig,Zelden,6,7,"Noch eens, noch oneens",Eens,Oneens,Eens,2,7,"Noch eens, noch oneens",Eens,Eens,Eens
Ja ,Ja,Man,1998,Platteland,atheïst,Nederlands,Master of equivalent universiteit,Master of equivalent universiteit,ASO,3,5,Nee,75-100%,1,model,Programmeren,,1.5,2,0.8,4,Zelden,7,"Noch slecht, noch goed",Regelmatig,Af en toe,14,8,Eens,Eens,Oneens,Helemaal eens,11,9,"Noch eens, noch oneens",Eens,Helemaal oneens,Eens
Ja ,Nee,Man,1998,Dorp,atheïst,Nederlands,Hoger secundair,Hoger secundair,ASO,4,3,Nee,75-100%,1,model,Programmeren,Tinitus (oorsuizingen);,1,0,0,2,Nooit,8,Goed,Regelmatig,Nooit,,,,,,,,,,,,
Ja ,Nee,Man,1995,Stad,christen,Nederlands,Lager secundair,Hoger secundair,TSO,4,4,Ja,50-74%,4,aangepast,Programmeren,AD(H)D;,1,2,2,0,Nooit,8,Goed,Regelmatig,Zelden,8,8,Eens,Oneens,Oneens,"Noch eens, noch oneens",6,8,"Noch eens, noch oneens","Noch eens, noch oneens","Noch eens, noch oneens","Noch eens, noch oneens"
Ja ,Ja,Man,1994,Platteland,christen,Nederlands,Bachelor of equivalent,Master of equivalent buiten universiteit,ASO,5,5,Ja,50-74%,2,aangepast,Systeembeheer,,1,0,1,1,Zelden,8,"Noch slecht, noch goed",Regelmatig,Af en toe,9,9,Oneens,Eens,Oneens,Eens,9,8,"Noch eens, noch oneens","Noch eens, noch oneens","Noch eens, noch oneens",Oneens
Ja ,Nee,Man,1996,Stad,atheïst,Nederlands,Hoger secundair,Hoger secundair,TSO,5,4,Nee,50-74%,2,aangepast,Programmeren,Depressie;,3,1,0.25,0,Nooit,6,"Noch slecht, noch goed","Noch onregelmatig, noch regelmatig",Nooit,7,4,Helemaal eens,Eens,Helemaal oneens,Eens,,,,,,
Ja ,Ja,Man,1998,Stad,atheïst,Nederlands,Hoger secundair,Bachelor of equivalent,TSO,6,3,Ja,50-74%,1,aangepast,Programmeren,,2,4,0,3,Nooit,7,Goed,Onregelmatig,Af en toe,5,6,"Noch eens, noch oneens",Eens,Oneens,Oneens,5,7,Oneens,"Noch eens, noch oneens",Helemaal oneens,Oneens
Nee,Ja,Man,2000,Dorp,atheïst,Nederlands,Hoger secundair,Master of equivalent universiteit,ASO,6,5,Ja,75-100%,1,aangepast,Programmeren,,2,12,0,0,Nooit,7,Slecht,"Noch onregelmatig, noch regelmatig",Af en toe,14,8,,"Noch eens, noch oneens","Noch eens, noch oneens",Eens,19,6,Helemaal eens,Eens,"Noch eens, noch oneens",Oneens
Ja ,Ja,Man,1999,Platteland,agnost,Nederlands,Master of equivalent universiteit,Weet niet,ASO,6,4,Nee,75-100%,1,model,Programmeren,,0.5,1,0.5,7,Zelden,8,Goed,Onregelmatig,Zelden,,,,,,,,,,,,
Ja ,Ja,Vrouw,1995,Stad,atheïst,Nederlands,Master of equivalent universiteit,Bachelor of equivalent,ASO,8,5,Nee,75-100%,1,model,Programmeren,,1,2,0,20,Nooit,5,Slecht,Zeer onregelmatig,Meestal,14,5,Eens,Oneens,"Noch eens, noch oneens",Eens,9,6,Eens,Eens,Helemaal oneens,Eens
Nee,Nee,Vrouw,1998,Dorp,agnost,Nederlands,Master of equivalent universiteit,Master of equivalent universiteit,ASO,4,4,Ja,75-100%,1,aangepast,Programmeren,AD(H)D;Paniekaanvallen;,2,2,1,4,Nooit,6,Slecht,Zeer onregelmatig,Af en toe,11,6,Helemaal eens,"Noch eens, noch oneens",Oneens,"Noch eens, noch oneens",11,7,"Noch eens, noch oneens","Noch eens, noch oneens","Noch eens, noch oneens","Noch eens, noch oneens"
Nee,Nee,Vrouw,1999,Platteland,christen,Nederlands,Master of equivalent universiteit,Bachelor of equivalent,ASO,3,4,Ja,75-100%,1,aangepast,Systeembeheer,,1,0,0,0,Nooit,7,Slecht,Regelmatig,Af en toe,14,6,Eens,"Noch eens, noch oneens",Oneens,"Noch eens, noch oneens",12,7,Eens,"Noch eens, noch oneens","Noch eens, noch oneens",Oneens
Ja ,Ja,,1999,Anders,atheïst,Nederlands,Hoger secundair,Hoger secundair,ASO,7,2,Ja,50-74%,1,aangepast,Systeembeheer,Dyslexie;Nachtmerries;,0.5,0,0,1,Nooit,6.5,Goed,Onregelmatig,Nooit,8,5,Eens,"Noch eens, noch oneens",Helemaal oneens,Eens,5,7,Eens,Oneens,Eens,Helemaal eens
Nee,Ja,Man,1996,Stad,atheïst,Nederlands,Hoger secundair,Bachelor of equivalent,ASO,7,3,Ja,50-74%,1,aangepast,Systeembeheer,Dyslexie;Paniekaanvallen;Nachtmerries;Depressie;,3,10,0,6,Nooit,6,Slecht,Onregelmatig,Af en toe,14,7,"Noch eens, noch oneens",Eens,Eens,"Noch eens, noch oneens",11,6,"Noch eens, noch oneens",Oneens,"Noch eens, noch oneens","Noch eens, noch oneens"
Ja ,Nee,Man,1997,Stad,atheïst,Nederlands,Bachelor of equivalent,Hoger secundair,ASO,4,4,Ja,75-100%,2,aangepast,Programmeren,Fysieke beperking (rolwagen);,0,0,2,1,Enkele keren per week,6,Zeer goed,Onregelmatig,Nooit,10,6,Eens,Eens,Oneens,Eens,,,,,,
Nee,Ja,Man,1999,Platteland,atheïst,Nederlands,Master of equivalent universiteit,Bachelor of equivalent,ASO,8,4,Nee,75-100%,1,model,Systeembeheer,Tinitus (oorsuizingen);,2,1,0,30,Nooit,7,Goed,Onregelmatig,Af en toe,18,6,Eens,Helemaal oneens,Helemaal oneens,Eens,10,13,"Noch eens, noch oneens",Helemaal oneens,Eens,Eens
Ja ,Ja,Man,1999,Stad,atheïst,Frans,Hoger secundair,Hoger secundair,ASO,4,4,Nee,75-100%,1,model,Systeembeheer,,3,12,0,1,Nooit,7,"Noch slecht, noch goed",Onregelmatig,Af en toe,16,7,Eens,"Noch eens, noch oneens",Oneens,Helemaal eens,11,7,"Noch eens, noch oneens","Noch eens, noch oneens",Oneens,Oneens
Ja ,Nee,Vrouw,1998,Stad,christen,Anders,Master of equivalent universiteit,Master of equivalent universiteit,,6,0,Nee,75-100%,1,aangepast,Programmeren,,1,3,2,,Nooit,6,"Noch slecht, noch goed","Noch onregelmatig, noch regelmatig",Zelden,3,6,Eens,"Noch eens, noch oneens","Noch eens, noch oneens","Noch eens, noch oneens",2,6,"Noch eens, noch oneens",Eens,Oneens,Eens
Ja ,Ja,Man,1997,Platteland,christen,Nederlands,Hoger secundair,Hoger secundair,TSO,4,2,Ja,25-49%,2,aangepast,Programmeren,AD(H)D;,0.5,0,0,5,Zelden,8,Goed,"Noch onregelmatig, noch regelmatig",Nooit,,,,,,,,,,,,
Nee,Ja,Man,1997,Stad,atheïst,Nederlands,Doctoraat,Master of equivalent universiteit,ASO,5,4,Nee,75-100%,1,model,Programmeren,Dysortography;Dyslexie;,1,0,1,2,Nooit,6,Slecht,Onregelmatig,Zelden,14,6,Eens,"Noch eens, noch oneens",Oneens,Eens,8,7.5,Eens,Oneens,"Noch eens, noch oneens","Noch eens, noch oneens"
Nee,Ja,Man,1997,Dorp,christen,Nederlands,Bachelor of equivalent,Bachelor of equivalent,TSO,6,4,Ja,50-74%,1,aangepast,Systeembeheer,,1,0,0,1,Nooit,6,Goed,Regelmatig,Meestal,16,7,"Noch eens, noch oneens","Noch eens, noch oneens","Noch eens, noch oneens","Noch eens, noch oneens",6,8,Eens,Eens,Helemaal eens,"Noch eens, noch oneens"
Nee,Nee,Man,1999,Dorp,atheïst,Nederlands,Hoger secundair,Hoger secundair,TSO,4,2,Ja,50-74%,1,aangepast,Programmeren,,2,8,1,1,Nooit,7,Goed,Regelmatig,Zelden,1,6,"Noch eens, noch oneens","Noch eens, noch oneens","Noch eens, noch oneens","Noch eens, noch oneens",,,,,,
Ja ,Ja,Man,1998,Stad,agnost,Nederlands,Hoger secundair,Hoger secundair,TSO,4,2,Ja,50-74%,2,aangepast,Programmeren,Dyslexie;,2,0,0,3,Nooit,8,"Noch slecht, noch goed",Regelmatig,Af en toe,2,7,"Noch eens, noch oneens",Eens,Oneens,Oneens,7,8,"Noch eens, noch oneens",Oneens,Eens,Helemaal oneens
Nee,Ja,Man,1998,Stad,atheïst,Nederlands,Bachelor of equivalent,Lager secundair,TSO,4,4,Nee,75-100%,1,model,Systeembeheer,AD(H)D;,4,3,1,8,Enkele keren per week,7,Slecht,Onregelmatig,Af en toe,2,4,"Noch eens, noch oneens","Noch eens, noch oneens","Noch eens, noch oneens","Noch eens, noch oneens",9,9,Eens,Helemaal eens,Oneens,Eens
Nee,Nee,Man,1997,Platteland,christen,Nederlands,Hoger secundair,Hoger secundair,TSO,4,3,Ja,50-74%,1,aangepast,Systeembeheer,AD(H)D;,2,0,0,2,Nooit,7,"Noch slecht, noch goed",Regelmatig,Meestal,7,,,,,,3,8,Oneens,"Noch eens, noch oneens",Oneens,Eens
Nee,Nee,Man,1995,Platteland,christen,Nederlands,Hoger secundair,Bachelor of equivalent,TSO,5,3,Ja,75-100%,2,aangepast,Programmeren,ASS;AD(H)D;,75,6,0,0,Zelden,7,Goed,Regelmatig,Af en toe,12,8,Eens,Eens,"Noch eens, noch oneens",Eens,,,,Oneens,Oneens,Eens
Ja ,Ja,Man,1998,Stad,christen,Nederlands,Hoger secundair,Bachelor of equivalent,TSO,4,4,Ja,50-74%,2,aangepast,Programmeren,,1.5,1,0,1,Maandelijks,8,Goed,Zeer onregelmatig,Zelden,11,9,Eens,Eens,Helemaal oneens,Eens,11,7.5,Eens,Eens,Oneens,Eens
Ja ,Ja,Man,1995,Platteland,christen,Nederlands,Master of equivalent universiteit,Hoger secundair,TSO,2,2,Nee,75-100%,1,model,Systeembeheer,Depressie;,1,0,0,20,Nooit,7,Slecht,Onregelmatig,Elke nacht,3,7,Eens,Oneens,"Noch eens, noch oneens",Oneens,6,5,Eens,Eens,Helemaal oneens,Eens
Ja ,Nee,Man,1997,Platteland,atheïst,Frans,Hoger secundair,Hoger secundair,TSO,3,4,Ja,50-74%,1,aangepast,Systeembeheer,Autisme;,1,4,0,0,Nooit,7,Goed,Regelmatig,Zelden,11,6,Eens,"Noch eens, noch oneens","Noch eens, noch oneens",Eens,11,9,Eens,Eens,Oneens,"Noch eens, noch oneens"
Nee,Ja,Vrouw,1999,Stad,atheïst,Nederlands,Hoger secundair,Hoger secundair,ASO,3,4,Nee,75-100%,1,model,Programmeren,,0.5,4.5,0,5,Nooit,6,"Noch slecht, noch goed",Onregelmatig,Meermaals per nacht,,,,,,,,,,,,
Ja ,Nee,Man,1997,Stad,christen,Nederlands,Bachelor of equivalent,Bachelor of equivalent,TSO,4,3,Ja,75-100%,2,aangepast,Systeembeheer,,1,3,0,0,Nooit,6,Goed,"Noch onregelmatig, noch regelmatig",Nooit,14,6,Oneens,Eens,"Noch eens, noch oneens",Helemaal eens,,,,,,
Nee,Nee,Man,1997,Platteland,atheïst,Nederlands,Lager secundair,Master of equivalent universiteit,ASO,8,5,,50-74%,1,aangepast,Programmeren,A.S.S.;Dyslexie;,90,0,20,2,Nooit,6.5,Goed,Onregelmatig,Zelden,12,4,Eens,Oneens,Helemaal oneens,Eens,13,6,Eens,Eens,Oneens,"Noch eens, noch oneens"
Ja ,Ja,Man,1998,Platteland,christen,Nederlands,Hoger secundair,Hoger secundair,ASO,5,4,Ja,75-100%,1,aangepast,Programmeren,,2,0,0,20,Zelden,6,"Noch slecht, noch goed",Onregelmatig,Zelden,,,,,,,,,,,,
Nee,Ja,Man,1996,Platteland,atheïst,Nederlands,Bachelor of equivalent,Bachelor of equivalent,TSO,16,2,Ja,50-74%,2,aangepast,Programmeren,,3,5,0,1,Enkele keren per maand,8,"Noch slecht, noch goed","Noch onregelmatig, noch regelmatig",Af en toe,,,,,,,10,7,"Noch eens, noch oneens",Eens,"Noch eens, noch oneens",Eens
Nee,Nee,Man,1999,Platteland,christen,Nederlands,Hoger secundair,Bachelor of equivalent,TSO,4,2,Ja,75-100%,1,aangepast,Systeembeheer,,1,0,0,8,Nooit,6,Goed,Regelmatig,Af en toe,,,,,,,,,,,,
Nee,Nee,Man,1997,Dorp,atheïst,Turks,Hoger secundair,Hoger secundair,TSO,4,3,Ja,75-100%,1,model,Programmeren,,1,0,0,0,Enkele keren per week,8,Zeer goed,Regelmatig,Zelden,8,8,Helemaal eens,Eens,Oneens,Eens,9,7,Eens,Eens,Oneens,"Noch eens, noch oneens"
Ja ,Nee,Man,1995,,agnost,Nederlands,Master of equivalent universiteit,Master of equivalent universiteit,ASO,5,5,Nee,75-100%,1,model,Programmeren,AD(H)D;Tinitus (oorsuizingen);Paniekaanvallen;Nachtmerries;,1,4,0,1,Zelden,7,"Noch slecht, noch goed","Noch onregelmatig, noch regelmatig",Zelden,,,,,,,,,,,,
Nee,Nee,Man,1999,Stad,christen,Nederlands,Hoger secundair,Hoger secundair,TSO,3,3,Ja,75-100%,1,aangepast,Programmeren,,2,7,0,0,Nooit,6,Goed,Regelmatig,Nooit,8,7,"Noch eens, noch oneens",Eens,Helemaal oneens,Eens,5,7,"Noch eens, noch oneens",Oneens,"Noch eens, noch oneens",Eens
Nee,Ja,Man,1998,Platteland,atheïst,Nederlands,Master of equivalent universiteit,Bachelor of equivalent,ASO,7,4,Ja,75-100%,1,aangepast,Programmeren,,2,1.5,0,0,Nooit,6,Zeer slecht,Onregelmatig,Meestal,4,5,"Noch eens, noch oneens",Oneens,"Noch eens, noch oneens","Noch eens, noch oneens",12,6,"Noch eens, noch oneens",Oneens,"Noch eens, noch oneens","Noch eens, noch oneens"
Nee,Nee,Man,1997,Stad,christen,Nederlands,Hoger secundair,Hoger secundair,ASO,6,4,Ja,75-100%,1,model,Systeembeheer,,12,8,1,5,Zelden,7,Slecht,Onregelmatig,Elke nacht,25,7,Helemaal eens,"Noch eens, noch oneens","Noch eens, noch oneens","Noch eens, noch oneens",19,7,Eens,Oneens,"Noch eens, noch oneens","Noch eens, noch oneens"
Nee,Ja,Man,1997,Stad,christen,Nederlands,Master of equivalent universiteit,Bachelor of equivalent,ASO,6,5,Ja,75-100%,2,aangepast,Programmeren,,2,0,0,20,Zelden,7,"Noch slecht, noch goed",Onregelmatig,Zelden,16,7.5,"Noch eens, noch oneens",Eens,Oneens,Eens,5,7,"Noch eens, noch oneens","Noch eens, noch oneens",Helemaal oneens,Eens
Ja ,Nee,Man,1995,Platteland,christen,Nederlands,Hoger secundair,Hoger secundair,TSO,6,5,Ja,50-74%,2,aangepast,Systeembeheer,,6,36,0,4,Nooit,6,Slecht,Zeer onregelmatig,Zelden,20,6,Eens,Helemaal eens,Helemaal oneens,Eens,5,4,Eens,"Noch eens, noch oneens",Oneens,Oneens
Nee,Ja,Man,1995,Stad,agnost,Nederlands,Master of equivalent universiteit,Master of equivalent universiteit,ASO,4,6,Ja,25-49%,1,aangepast,Programmeren,Depressie;,0.5,2,0,20,Zelden,9,Goed,Onregelmatig,Af en toe,,,,,,,,,,,,
Ja ,Nee,Man,1997,Platteland,christen,Engels,Master of equivalent universiteit,Master of equivalent universiteit,BSO,4,6,Ja,50-74%,1,aangepast,Systeembeheer,Dyslexie;,2,2,2,6,Nooit,7,"Noch slecht, noch goed",Regelmatig,Meermaals per nacht,9,8,Oneens,Eens,Helemaal oneens,"Noch eens, noch oneens",,,,,,
Ja ,Ja,Man,1997,Stad,atheïst,Nederlands,Master of equivalent universiteit,Bachelor of equivalent,ASO,4,4,Ja,50-74%,1,model,Programmeren,,0.5,10,0,3,Nooit,7,"Noch slecht, noch goed",Zeer onregelmatig,Zelden,17,6,Helemaal eens,"Noch eens, noch oneens",Helemaal oneens,Helemaal eens,17,7,Eens,"Noch eens, noch oneens","Noch eens, noch oneens",Oneens
Nee,Ja,Man,1996,Platteland,moslim,Turks,Lager secundair,Bachelor of equivalent,ASO,3,5,Ja,50-74%,1,aangepast,Programmeren,AD(H)D;Depressie;,3,10,0,0,Nooit,5,"Noch slecht, noch goed",Onregelmatig,Zelden,,,,,,,7,7,Helemaal oneens,"Noch eens, noch oneens",Eens,"Noch eens, noch oneens"
Nee,Nee,Man,1996,Platteland,agnost,Anders,Master of equivalent universiteit,Lager secundair,ASO,5,4,Nee,75-100%,1,aangepast,Programmeren,,3,0,0,0,,6,Slecht,Onregelmatig,Nooit,11,5,Eens,Eens,Helemaal oneens,Helemaal eens,10,5,Helemaal eens,"Noch eens, noch oneens","Noch eens, noch oneens",Eens
Ja ,Nee,Man,1997,Stad,atheïst,Nederlands,Lager secundair,Lager secundair,ASO,4,4,Ja,50-74%,2,aangepast,Programmeren,,1,0,1,1,Nooit,6,"Noch slecht, noch goed",Regelmatig,Zelden,6,7,Eens,Eens,Helemaal oneens,Eens,,,,,,
Ja ,Nee,Man,1995,Platteland,christen,Nederlands,Master of equivalent universiteit,Master of equivalent universiteit,ASO,5,4,Ja,75-100%,1,aangepast,Systeembeheer,Kleurengestoord;,0.5,3,0,5,Zelden,7,Slecht,Onregelmatig,Zelden,8,9,"Noch eens, noch oneens",Oneens,Oneens,"Noch eens, noch oneens",16,9,"Noch eens, noch oneens",Eens,Helemaal oneens,Eens
Ja ,Nee,Man,1996,Platteland,agnost,Nederlands,Weet niet,Hoger secundair,TSO,2,4,Ja,75-100%,1,aangepast,Systeembeheer,AD(H)D;Dyslexie;,0.5,3,1,3,Nooit,7,"Noch slecht, noch goed",Onregelmatig,Af en toe,9,7,"Noch eens, noch oneens",Eens,Oneens,Eens,13,8,"Noch eens, noch oneens",Helemaal eens,"Noch eens, noch oneens","Noch eens, noch oneens"
Ja ,Ja,Man,1999,Dorp,agnost,Nederlands,Lagere school,Bachelor of equivalent,ASO,3,5,Ja,50-74%,1,aangepast,Systeembeheer,,1,0,0,4,Zelden,8,Goed,Onregelmatig,Zelden,8,,Eens,Eens,Helemaal oneens,"Noch eens, noch oneens",4,7,"Noch eens, noch oneens","Noch eens, noch oneens","Noch eens, noch oneens","Noch eens, noch oneens"
Nee,Nee,Man,1997,Stad,atheïst,Nederlands,Hoger secundair,Hoger secundair,ASO,3,4,Ja,75-100%,1,aangepast,Systeembeheer,,1,0,0,0,Nooit,8,"Noch slecht, noch goed",Zeer onregelmatig,Af en toe,20,,"Noch eens, noch oneens",Eens,Eens,Helemaal eens,11,9,"Noch eens, noch oneens",Helemaal eens,Helemaal oneens,Eens
Ja ,Nee,Man,1999,Platteland,christen,Nederlands,Hoger secundair,Bachelor of equivalent,ASO,6,4,Nee,50-74%,1,model,Programmeren,,5,0,1,2,Nooit,6,"Noch slecht, noch goed",Onregelmatig,Nooit,15,5,Eens,Oneens,Oneens,Helemaal eens,16,4,Helemaal eens,Helemaal oneens,Helemaal oneens,"Noch eens, noch oneens"
Nee,Ja,Man,1996,Platteland,christen,Nederlands,Lager secundair,Bachelor of equivalent,ASO,8,5,Ja,75-100%,1,aangepast,Programmeren,,2,3,0,20,Zelden,7,Slecht,Onregelmatig,Af en toe,16,6,Eens,Oneens,Oneens,"Noch eens, noch oneens",,,,,,
Nee,Nee,Man,1997,Stad,christen,Nederlands,Hoger secundair,Hoger secundair,TSO,3,3,Ja,75-100%,2,aangepast,Programmeren,,2,0.7,0,5,Nooit,6.5,Goed,"Noch onregelmatig, noch regelmatig",Zelden,10,7.5,Eens,Eens,Helemaal oneens,Eens,4,6,"Noch eens, noch oneens",Eens,"Noch eens, noch oneens","Noch eens, noch oneens"
Nee,Nee,Man,1997,Platteland,atheïst,Nederlands,Bachelor of equivalent,Bachelor of equivalent,ASO,5,4,Ja,75-100%,2,aangepast,Programmeren,,1,2,0,4,Nooit,6,Zeer goed,Onregelmatig,Nooit,,,,,,,9,7,Eens,"Noch eens, noch oneens",Eens,"Noch eens, noch oneens"
Nee,Nee,Man,1996,Stad,christen,Nederlands,Hoger secundair,Hoger secundair,TSO,4,4,Ja,50-74%,3,aangepast,Programmeren,,3,7,0,15,Nooit,6,Slecht,"Noch onregelmatig, noch regelmatig",Zelden,11,9,Eens,"Noch eens, noch oneens",Oneens,Eens,,,,,,
Ja ,Nee,Man,1996,Platteland,atheïst,Nederlands,Bachelor of equivalent,Hoger secundair,TSO,4,3,Ja,75-100%,2,aangepast,Programmeren,,1,45,0,3,Maandelijks,8,Zeer goed,Regelmatig,Zelden,7,8,"Noch eens, noch oneens","Noch eens, noch oneens","Noch eens, noch oneens","Noch eens, noch oneens",5,7,"Noch eens, noch oneens",Oneens,Oneens,Oneens
Nee,Ja,Man,1999,Platteland,christen,Nederlands,Hoger secundair,Lager secundair,ASO,4,3,Nee,75-100%,1,model,Programmeren,,8,1,0,3,Nooit,7,Zeer goed,"Noch onregelmatig, noch regelmatig",Nooit,,,,,,,,,,,,
Ja ,Nee,Man,1998,Stad,christen,Frans,Hoger secundair,Lager secundair,ASO,6,4,Ja,75-100%,1,aangepast,Programmeren,,1,5,0.2,4,Nooit,7,Goed,Onregelmatig,Zelden,7,7,"Noch eens, noch oneens","Noch eens, noch oneens","Noch eens, noch oneens","Noch eens, noch oneens",7,7,"Noch eens, noch oneens",Eens,"Noch eens, noch oneens","Noch eens, noch oneens"
Ja ,Ja,Man,1998,Platteland,christen,Nederlands,Bachelor of equivalent,Bachelor of equivalent,ASO,4,3,Ja,50-74%,2,aangepast,Programmeren,,1.15,1,0,2,Zelden,8,Zeer goed,"Noch onregelmatig, noch regelmatig",Zelden,,,,,,,4,6,"Noch eens, noch oneens",Eens,Oneens,"Noch eens, noch oneens"
Nee,Nee,Man,1998,Platteland,atheïst,Nederlands,Hoger secundair,Hoger secundair,TSO,5,3,Ja,75-100%,1,aangepast,Programmeren,,2,6,2,4,Maandelijks,7,Goed,Regelmatig,Zelden,12,6,Eens,"Noch eens, noch oneens",Helemaal oneens,Eens,,,,,,
Ja ,Ja,Vrouw,1999,Platteland,christen,Nederlands,Hoger secundair,Bachelor of equivalent,TSO,4,3,Nee,75-100%,1,model,Programmeren,GEEN;,2,9,0,0,Nooit,7,Goed,Onregelmatig,Zelden,,,,,,,,,,,,
Ja ,Ja,Man,1998,Stad,christen,Nederlands,Hoger secundair,Bachelor of equivalent,ASO,6,5,Nee,75-100%,1,model,Systeembeheer,Nachtmerries;,2,0,0,4,Nooit,5,Slecht,Zeer onregelmatig,Af en toe,,,,,,,,,,,,
