<?xml version="1.0" encoding="UTF-8"?>
<project-private xmlns="http://www.netbeans.org/ns/project-private/1">
    <editor-bookmarks xmlns="http://www.netbeans.org/ns/editor-bookmarks/2" lastBookmarkId="0"/>
    <open-files xmlns="http://www.netbeans.org/ns/projectui-open-files/2">
        <group>
            <file>file:/C:/temp/Ontwerpen/ChannelIteratorStarter/src/domein/Channel.java</file>
            <file>file:/C:/temp/Ontwerpen/ChannelIteratorStarter/src/domein/ChannelCollection.java</file>
            <file>file:/C:/temp/Ontwerpen/ChannelIteratorStarter/src/domein/ChannelCollectionImpl.java</file>
            <file>file:/C:/temp/Ontwerpen/ChannelIteratorStarter/src/channeliterator/ChannelIteratorTestDrive.java</file>
            <file>file:/C:/temp/Ontwerpen/ChannelIteratorStarter/src/domein/ChannelType.java</file>
        </group>
        <group name="workspacenb_OOIII_4"/>
    </open-files>
</project-private>
