<?xml version="1.0" encoding="UTF-8"?>
<project-private xmlns="http://www.netbeans.org/ns/project-private/1">
    <editor-bookmarks xmlns="http://www.netbeans.org/ns/editor-bookmarks/2" lastBookmarkId="0"/>
    <open-files xmlns="http://www.netbeans.org/ns/projectui-open-files/2">
        <group name="OntwerpenII_DP">
            <file>file:/C:/Users/imf838/Documents/Hogeschool/OntwerpenII/DesignPatterns/Oefeningen%20door%20elkaar/ontwerpen_stageBedrijf_javaFx_opgave/src/domein/ObservableString.java</file>
            <file>file:/C:/Users/imf838/Documents/Hogeschool/OntwerpenII/DesignPatterns/Oefeningen%20door%20elkaar/ontwerpen_stageBedrijf_javaFx_opgave/src/domein/DomeinController.java</file>
        </group>
    </open-files>
</project-private>
