<?xml version="1.0" encoding="UTF-8"?>
<project-private xmlns="http://www.netbeans.org/ns/project-private/1">
    <editor-bookmarks xmlns="http://www.netbeans.org/ns/editor-bookmarks/2" lastBookmarkId="0"/>
    <open-files xmlns="http://www.netbeans.org/ns/projectui-open-files/2">
        <group name="Spring Basis"/>
        <group name="Ontwerpen: Design Patterns">
            <file>file:/C:/Users/imf838/Documents/NetBeansProjects/Netbeans_8/voorbeeld_dieren_javaFX/build.xml</file>
        </group>
        <group name="OntwerpenIII_Factory">
            <file>file:/C:/Users/imf838/Documents/NetBeansProjects/Netbeans_8/voorbeeld_dieren_javaFX/src/StartUp.java</file>
        </group>
        <group name="ontwerpen_DP"/>
        <group name="OntwerpenII_DP"/>
    </open-files>
</project-private>
