<?xml version="1.0" encoding="UTF-8"?>
<project-private xmlns="http://www.netbeans.org/ns/project-private/1">
    <editor-bookmarks xmlns="http://www.netbeans.org/ns/editor-bookmarks/2" lastBookmarkId="0"/>
    <open-files xmlns="http://www.netbeans.org/ns/projectui-open-files/2">
        <group name="ontwerpen_DP">
            <file>file:/C:/Users/imf838/Documents/NetBeansProjects/Netbeans_8_1_nieuw/ontwerpen_decorator/src/domain/Mocha.java</file>
            <file>file:/C:/Users/imf838/Documents/NetBeansProjects/Netbeans_8_1_nieuw/ontwerpen_decorator/src/domain/Decaf.java</file>
            <file>file:/C:/Users/imf838/Documents/NetBeansProjects/Netbeans_8_1_nieuw/ontwerpen_decorator/src/domain/CondimentDecorator.java</file>
            <file>file:/C:/Users/imf838/Documents/NetBeansProjects/Netbeans_8_1_nieuw/ontwerpen_decorator/src/domain/Whip.java</file>
            <file>file:/C:/Users/imf838/Documents/NetBeansProjects/Netbeans_8_1_nieuw/ontwerpen_decorator/src/domain/Soy.java</file>
            <file>file:/C:/Users/imf838/Documents/NetBeansProjects/Netbeans_8_1_nieuw/ontwerpen_decorator/src/domain/DarkRoast.java</file>
            <file>file:/C:/Users/imf838/Documents/NetBeansProjects/Netbeans_8_1_nieuw/ontwerpen_decorator/src/domain/Milk.java</file>
            <file>file:/C:/Users/imf838/Documents/NetBeansProjects/Netbeans_8_1_nieuw/ontwerpen_decorator/src/domain/Beverage.java</file>
            <file>file:/C:/Users/imf838/Documents/NetBeansProjects/Netbeans_8_1_nieuw/ontwerpen_decorator/src/domain/Espresso.java</file>
            <file>file:/C:/Users/imf838/Documents/NetBeansProjects/Netbeans_8_1_nieuw/ontwerpen_decorator/src/StarbuzzCoffee.java</file>
        </group>
        <group name="OntwerpenII_DP"/>
    </open-files>
</project-private>
