<?xml version="1.0" encoding="UTF-8"?>
<project-private xmlns="http://www.netbeans.org/ns/project-private/1">
    <editor-bookmarks xmlns="http://www.netbeans.org/ns/editor-bookmarks/2" lastBookmarkId="0"/>
    <open-files xmlns="http://www.netbeans.org/ns/projectui-open-files/2">
        <group>
            <file>file:/C:/temp/Java/Builder/src/builder/Builder.java</file>
            <file>file:/C:/temp/Java/Builder/src/domein/Sandwich.java</file>
            <file>file:/C:/temp/Java/Builder/src/domein/BreadType.java</file>
            <file>file:/C:/temp/Java/Builder/src/domein/MeatType.java</file>
            <file>file:/C:/temp/Java/Builder/src/domein/CheeseType.java</file>
            <file>file:/C:/temp/Java/Builder/src/domein/MySandwichBuilder.java</file>
            <file>file:/C:/temp/Java/Builder/src/domein/SandwichBuilder.java</file>
            <file>file:/C:/temp/Java/Builder/src/domein/ClubSandwichBuilder.java</file>
            <file>file:/C:/temp/Java/Builder/src/domein/SandwichDirector.java</file>
        </group>
    </open-files>
</project-private>
