<?xml version="1.0" encoding="UTF-8"?>
<project-private xmlns="http://www.netbeans.org/ns/project-private/1">
    <editor-bookmarks xmlns="http://www.netbeans.org/ns/editor-bookmarks/2" lastBookmarkId="0"/>
    <open-files xmlns="http://www.netbeans.org/ns/projectui-open-files/2">
        <group name="workspacenb_OOOII_5"/>
        <group name="workspacenb_OOPIII_theorie_4">
            <file>file:/C:/usr/workspacenb_OOPIII_theorie_4/OOPIII_NET_Multicast/src/domain/MultiCastServer.java</file>
            <file>file:/C:/usr/workspacenb_OOPIII_theorie_4/OOPIII_NET_Multicast/src/main/StartupServer.java</file>
            <file>file:/C:/usr/workspacenb_OOPIII_theorie_4/OOPIII_NET_Multicast/src/domain/MultiCastClient.java</file>
            <file>file:/C:/usr/workspacenb_OOPIII_theorie_4/OOPIII_NET_Multicast/src/main/StartUpClient.java</file>
        </group>
    </open-files>
</project-private>
