<?xml version="1.0" encoding="UTF-8"?>
<project-private xmlns="http://www.netbeans.org/ns/project-private/1">
    <editor-bookmarks xmlns="http://www.netbeans.org/ns/editor-bookmarks/2" lastBookmarkId="0"/>
    <open-files xmlns="http://www.netbeans.org/ns/projectui-open-files/2">
        <group name="2OOIIITest">
            <file>file:/C:/temp/2OOIIITest/MealAppStarter/src/mealapp/MealApp.java</file>
        </group>
        <group name="workspacenb_OOIII_4"/>
        <group name="ontwerpenIII_builder">
            <file>file:/C:/Users/imf838/Documents/Hogeschool/OntwerpenIII/Builder/Oefeningen/MealAppStarter/src/mealapp/MealApp.java</file>
            <file>file:/C:/Users/imf838/Documents/Hogeschool/OntwerpenIII/Builder/Oefeningen/MealAppStarter/src/domein/Menu.java</file>
        </group>
    </open-files>
</project-private>
