<?xml version="1.0" encoding="UTF-8"?>
<project-private xmlns="http://www.netbeans.org/ns/project-private/1">
    <editor-bookmarks xmlns="http://www.netbeans.org/ns/editor-bookmarks/2" lastBookmarkId="0"/>
    <open-files xmlns="http://www.netbeans.org/ns/projectui-open-files/2">
        <group name="Java netwerken">
            <file>file:/C:/Users/imf838/Documents/Hogeschool/JAVA_2TIN/JAVA_2TIN/Netwerken/Oef_slides_81_82/OOPIII_NET_TCP_FileTransfer_Server_Opgave/src/domein/FileServer.java</file>
        </group>
        <group name="workspacenb_OOPIII_oefeningen_4"/>
    </open-files>
</project-private>
