<?xml version="1.0" encoding="UTF-8"?>
<project-private xmlns="http://www.netbeans.org/ns/project-private/1">
    <editor-bookmarks xmlns="http://www.netbeans.org/ns/editor-bookmarks/2" lastBookmarkId="0"/>
    <open-files xmlns="http://www.netbeans.org/ns/projectui-open-files/2">
        <group name="OOP3_1415"/>
        <group name="workspacenb_OOPIII_oefeningen_4">
            <file>file:/C:/usr/workspacenb_OOPIII_oefeningen_4/OOPIII_LAM_Bier_start/src/domein/Bier.java</file>
        </group>
        <group name="workspaceOOPIII_lab">
            <file>file:/C:/usr/workspaceOOPIII_lab/OOPIII_LAM_Bier_start/src/main/StartUp.java</file>
        </group>
    </open-files>
</project-private>
