<?xml version="1.0" encoding="UTF-8"?>
<project-private xmlns="http://www.netbeans.org/ns/project-private/1">
    <open-files xmlns="http://www.netbeans.org/ns/projectui-open-files/2">
        <group name="workspaceOOPIII_10">
            <file>file:/C:/usr/workspaceOOPIII_10/OOPIII_JPA_Garage_startversieMetFrame_LocalDate/src/domein/LichteVracht.java</file>
            <file>file:/C:/usr/workspaceOOPIII_10/OOPIII_JPA_Garage_startversieMetFrame_LocalDate/src/domein/Vervoermiddel.java</file>
            <file>file:/C:/usr/workspaceOOPIII_10/OOPIII_JPA_Garage_startversieMetFrame_LocalDate/src/main/MAINapp.java</file>
            <file>file:/C:/usr/workspaceOOPIII_10/OOPIII_JPA_Garage_startversieMetFrame_LocalDate/src/domein/GarageData.java</file>
            <file>file:/C:/usr/workspaceOOPIII_10/OOPIII_JPA_Garage_startversieMetFrame_LocalDate/src/domein/GarageBeheerder.java</file>
            <file>file:/C:/usr/workspaceOOPIII_10/OOPIII_JPA_Garage_startversieMetFrame_LocalDate/src/domein/TebetalenTaks.java</file>
            <file>file:/C:/usr/workspaceOOPIII_10/OOPIII_JPA_Garage_startversieMetFrame_LocalDate/src/domein/Onderhoudsbeurt.java</file>
            <file>file:/C:/usr/workspaceOOPIII_10/OOPIII_JPA_Garage_startversieMetFrame_LocalDate/src/domein/GarageController.java</file>
            <file>file:/C:/usr/workspaceOOPIII_10/OOPIII_JPA_Garage_startversieMetFrame_LocalDate/src/domein/Auto.java</file>
        </group>
    </open-files>
</project-private>
