<?xml version="1.0" encoding="UTF-8"?>
<project-private xmlns="http://www.netbeans.org/ns/project-private/1">
    <editor-bookmarks xmlns="http://www.netbeans.org/ns/editor-bookmarks/2" lastBookmarkId="0"/>
    <open-files xmlns="http://www.netbeans.org/ns/projectui-open-files/2">
        <group name="Test-Ontwerpen">
            <file>file:/C:/temp/Ontwerpen/IteratorComposite/IteratorTODO/src/domein/PancakeHouseMenu.java</file>
            <file>file:/C:/temp/Ontwerpen/IteratorComposite/IteratorTODO/src/domein/Waitress.java</file>
            <file>file:/C:/temp/Ontwerpen/IteratorComposite/IteratorTODO/src/iterator/IteratorStartUp.java</file>
            <file>file:/C:/temp/Ontwerpen/IteratorComposite/IteratorTODO/src/domein/DinerMenu.java</file>
            <file>file:/C:/temp/Ontwerpen/IteratorComposite/IteratorTODO/src/domein/DinerMenuIterator.java</file>
            <file>file:/C:/temp/Ontwerpen/IteratorComposite/IteratorTODO/src/domein/MenuItem.java</file>
        </group>
        <group name="workspacenb_OOIII_4"/>
    </open-files>
</project-private>
