<?xml version="1.0" encoding="UTF-8"?>
<project-private xmlns="http://www.netbeans.org/ns/project-private/1">
    <editor-bookmarks xmlns="http://www.netbeans.org/ns/editor-bookmarks/2" lastBookmarkId="0"/>
    <open-files xmlns="http://www.netbeans.org/ns/projectui-open-files/2">
        <group name="project"/>
        <group name="JAVA 2TI"/>
        <group name="JAVA_Datastructuren_Collections_Generics">
            <file>file:/C:/Users/imf838/Documents/NetBeansProjects/Netbeans_8/OOPIII_MVC_Oefening_TableView0_opgave/src/gui/AutoFrameController.java</file>
            <file>file:/C:/Users/imf838/Documents/NetBeansProjects/Netbeans_8/OOPIII_MVC_Oefening_TableView0_opgave/src/domein/Auto.java</file>
            <file>file:/C:/Users/imf838/Documents/NetBeansProjects/Netbeans_8/OOPIII_MVC_Oefening_TableView0_opgave/src/persistentie/AutoMapper.java</file>
            <file>file:/C:/Users/imf838/Documents/NetBeansProjects/Netbeans_8/OOPIII_MVC_Oefening_TableView0_opgave/src/persistentie/PersistentieController.java</file>
            <file>file:/C:/Users/imf838/Documents/NetBeansProjects/Netbeans_8/OOPIII_MVC_Oefening_TableView0_opgave/src/StartUp.java</file>
            <file>file:/C:/Users/imf838/Documents/NetBeansProjects/Netbeans_8/OOPIII_MVC_Oefening_TableView0_opgave/src/domein/Garage.java</file>
        </group>
        <group name="JAVA_TableView">
            <file>file:/C:/Users/imf838/Documents/NetBeansProjects/Netbeans_8/OOPIII_MVC_Oefening_TableView0_opgave/src/domein/Garage.java</file>
            <file>file:/C:/Users/imf838/Documents/NetBeansProjects/Netbeans_8/OOPIII_MVC_Oefening_TableView0_opgave/src/persistentie/PersistentieController.java</file>
            <file>file:/C:/Users/imf838/Documents/NetBeansProjects/Netbeans_8/OOPIII_MVC_Oefening_TableView0_opgave/src/domein/Auto.java</file>
            <file>file:/C:/Users/imf838/Documents/NetBeansProjects/Netbeans_8/OOPIII_MVC_Oefening_TableView0_opgave/src/persistentie/AutoMapper.java</file>
            <file>file:/C:/Users/imf838/Documents/NetBeansProjects/Netbeans_8/OOPIII_MVC_Oefening_TableView0_opgave/build.xml</file>
            <file>file:/C:/Users/imf838/Documents/NetBeansProjects/Netbeans_8/OOPIII_MVC_Oefening_TableView0_opgave/src/gui/OverzichtPanelController.java</file>
            <file>file:/C:/Users/imf838/Documents/NetBeansProjects/Netbeans_8/OOPIII_MVC_Oefening_TableView0_opgave/src/gui/DetailPanelController.java</file>
            <file>file:/C:/Users/imf838/Documents/NetBeansProjects/Netbeans_8/OOPIII_MVC_Oefening_TableView0_opgave/src/StartUp.java</file>
        </group>
    </open-files>
</project-private>
