<?xml version="1.0" encoding="UTF-8"?>
<project-private xmlns="http://www.netbeans.org/ns/project-private/1">
    <editor-bookmarks xmlns="http://www.netbeans.org/ns/editor-bookmarks/2" lastBookmarkId="0"/>
    <open-files xmlns="http://www.netbeans.org/ns/projectui-open-files/2">
        <group name="JAVA_Datastructuren_Collections_Generics">
            <file>file:/C:/Users/imf838/Documents/NetBeansProjects/Netbeans_8_1_nieuw/OOPIII_Collections_kleine_oef_opgave/src/ui/OefFruit2_opgave.java</file>
            <file>file:/C:/Users/imf838/Documents/NetBeansProjects/Netbeans_8_1_nieuw/OOPIII_Collections_kleine_oef_opgave/src/ui/OefFruit1_opgave.java</file>
        </group>
        <group name="Java_datastructuren"/>
    </open-files>
</project-private>
